Id,CityId,PoolId,QuestId,Type,Rarity,CenterPosition,Title,Description,Target,
10100,1,1001,0,Scene,2,Event_10100,츄츄족의 작은 한 걸음,츄츄족이 더 많은 동료를 모으기 위해 야외에 건설한 야영지. 모든 마물을 처치하고 위협을 제거하자,모든 몬스터 처치하기,
10101,1,1001,0,Scene,2,Event_10101,츄츄족의 작은 한 걸음,츄츄족이 더 많은 동료를 모으기 위해 야외에 건설한 야영지. 모든 마물을 처치하고 위협을 제거하자,모든 몬스터 처치하기,
10102,1,1001,0,Scene,2,Event_10102,츄츄족의 작은 한 걸음,츄츄족이 더 많은 동료를 모으기 위해 야외에 건설한 야영지. 모든 마물을 처치하고 위협을 제거하자,모든 몬스터 처치하기,
10103,1,1001,0,Scene,2,Event_10103,츄츄족의 작은 한 걸음,츄츄족이 더 많은 동료를 모으기 위해 야외에 건설한 야영지. 모든 마물을 처치하고 위협을 제거하자,모든 몬스터 처치하기,
10104,1,1001,0,Scene,2,Event_10104,츄츄족의 작은 한 걸음,츄츄족이 더 많은 동료를 모으기 위해 야외에 건설한 야영지. 모든 마물을 처치하고 위협을 제거하자,모든 몬스터 처치하기,
10106,1,1001,0,Scene,2,Event_10106,얼음 뭉치 대위기!,한 무리의 얼음 슬라임이 야외에 나타났다. 그들을 처치하고 위협을 제거하자. 「번개」 원소로 공격한다면 뜻밖의 효과가 있을지도 모른다,모든 몬스터 처치하기,
10107,1,1001,0,Scene,2,Event_10107,방패막이의 위기,한 무리의 나무방패를 든 츄츄족이 야외에 나타났다. 그들을 처치하고 위협을 제거하자. 「불」 원소로 공격한다면 나무방패를 쉽게 파괴할 수 있을지도 모른다,모든 몬스터 처치하기,
10200,1,1002,0,Scene,2,Event_10200,악의 확산,심연 메이지가 츄츄족에게 괴이한 의식을 진행하고 있다. 모든 마물을 처치하고 위협을 제거하자,모든 몬스터 처치하기,
10201,1,1002,0,Scene,2,Event_10201,악의 확산,심연 메이지가 츄츄족에게 괴이한 의식을 진행하고 있다. 모든 마물을 처치하고 위협을 제거하자,모든 몬스터 처치하기,
10202,1,1002,0,Scene,2,Event_10202,악의 확산,심연 메이지가 츄츄족에게 괴이한 의식을 진행하고 있다. 모든 마물을 처치하고 위협을 제거하자,모든 몬스터 처치하기,
10203,1,1002,0,Scene,2,Event_10203,악의 확산,심연 메이지가 츄츄족에게 괴이한 의식을 진행하고 있다. 모든 마물을 처치하고 위협을 제거하자,모든 몬스터 처치하기,
10204,1,1002,0,Scene,2,Event_10204,악의 확산,심연 메이지가 츄츄족에게 괴이한 의식을 진행하고 있다. 모든 마물을 처치하고 위협을 제거하자,모든 몬스터 처치하기,
10205,1,1002,0,Scene,2,Event_10205,악의 확산,심연 메이지가 츄츄족에게 괴이한 의식을 진행하고 있다. 모든 마물을 처치하고 위협을 제거하자,모든 몬스터 처치하기,
10206,1,1002,0,Scene,2,Event_10206,악의 확산,심연 메이지가 츄츄족에게 괴이한 의식을 진행하고 있다. 모든 마물을 처치하고 위협을 제거하자,모든 몬스터 처치하기,
10500,1,1002,0,Scene,2,Event_10500,위난 속의 임무,광풍의 핵이 야외에 나타나 주변 구역의 안전을 위협하고 있다. 어서 빨리 처치하자,광풍의 핵 소멸,
10502,1,1002,0,Scene,2,Event_10502,위난 속의 임무,유적 가디언이 야외에 나타나 주변 구역의 안전을 위협하고 있다. 어서 빨리 처치하자,유적 가디언 토벌,
10503,1,1002,0,Scene,2,Event_10503,위난 속의 임무,유적 가디언이 야외에 나타나 주변 구역의 안전을 위협하고 있다. 어서 빨리 처치하자,유적 가디언 토벌,
10504,1,1002,0,Scene,2,Event_10504,위난 속의 임무,광풍의 핵이 야외에 나타나 주변 구역의 안전을 위협하고 있다. 어서 빨리 처치하자,광풍의 핵 소멸,
10505,1,1002,0,Scene,2,Event_10505,위난 속의 임무,유적 가디언이 야외에 나타나 주변 구역의 안전을 위협하고 있다. 어서 빨리 처치하자,유적 가디언 토벌,
10506,1,1002,0,Scene,2,Event_10506,위난 속의 임무,유적 가디언이 야외에 나타나 주변 구역의 안전을 위협하고 있다. 어서 빨리 처치하자,유적 가디언 토벌,
10507,1,1002,0,Scene,2,Event_10507,위난 속의 임무,광풍의 핵이 야외에 나타나 주변 구역의 안전을 위협하고 있다. 어서 빨리 처치하자,광풍의 핵 소멸,
10300,1,1003,0,Scene,2,DUMMY_POS 3001 000276,위험한 등반,츄츄족이 야외에 감시탑을 설치했다. 감시탑을 완전히 파괴하자,츄츄족 감시탑 파괴,
10301,1,1003,0,Scene,2,Event_10301,위험한 등반,츄츄족이 야외에 감시탑을 설치했다. 감시탑을 완전히 파괴하자,츄츄족 감시탑 파괴,
10302,1,1003,0,Scene,2,Event_10302,위험한 등반,츄츄족이 야외에 감시탑을 설치했다. 감시탑을 완전히 파괴하자,츄츄족 감시탑 파괴,
10303,1,1003,0,Scene,2,Event_10303,위험한 등반,츄츄족이 야외에 감시탑을 설치했다. 감시탑을 완전히 파괴하자,츄츄족 감시탑 파괴,
10304,1,1003,0,Scene,2,Event_10304,위험한 등반,츄츄족이 야외에 감시탑을 설치했다. 감시탑을 완전히 파괴하자,츄츄족 감시탑 파괴,
10305,1,1003,0,Scene,2,Event_10305,위험한 등반,츄츄족이 야외에 감시탑을 설치했다. 감시탑을 완전히 파괴하자,츄츄족 감시탑 파괴,
10306,1,1003,0,Scene,2,Event_10306,위험한 등반,츄츄족이 야외에 감시탑을 설치했다. 감시탑을 완전히 파괴하자,츄츄족 감시탑 파괴,
10400,1,1003,0,Scene,2,DUMMY_POS 3001 300100163,포동포동한 폭발물,츄츄족이 야외에서 위험한 폭약통을 만들었다. 재료는… 슬라임?! 어서 빨리 그들을 처치하자!,모든 몬스터 처치하기,
10401,1,1003,0,Scene,2,Event_10401,포동포동한 폭발물,츄츄족이 야외에서 위험한 폭약통을 만들었다. 재료는… 슬라임?! 어서 빨리 그들을 처치하자!,모든 몬스터 처치하기,
10402,1,1003,0,Scene,2,Event_10402,포동포동한 폭발물,츄츄족이 야외에서 위험한 폭약통을 만들었다. 재료는… 슬라임?! 어서 빨리 그들을 처치하자!,모든 몬스터 처치하기,
10403,1,1003,0,Scene,2,Event_10403,포동포동한 폭발물,츄츄족이 야외에서 위험한 폭약통을 만들었다. 재료는… 슬라임?! 어서 빨리 그들을 처치하자!,모든 몬스터 처치하기,
10404,1,1003,0,Scene,2,Event_10404,포동포동한 폭발물,츄츄족이 야외에서 위험한 폭약통을 만들었다. 재료는… 슬라임?! 어서 빨리 그들을 처치하자!,모든 몬스터 처치하기,
10405,1,1003,0,Scene,2,Event_10405,포동포동한 폭발물,츄츄족이 야외에서 위험한 폭약통을 만들었다. 재료는… 슬라임?! 어서 빨리 그들을 처치하자!,모든 몬스터 처치하기,
10700,1,1003,0,Scene,2,Event_10700,위험 운송 현상,츄츄족들이 슬라임 풍선을 호송하며 전진하고 있다. 위에 위험한 화물이 탑재된 것 같다. 츄츄족의 슬라임 풍선을 터트려서 위협을 제거하자,슬라임 풍선 파괴,
10701,1,1003,0,Scene,2,Event_10701,위험 운송 현상,츄츄족들이 슬라임 풍선을 호송하며 전진하고 있다. 위에 위험한 화물이 탑재된 것 같다. 츄츄족의 슬라임 풍선을 터트려서 위협을 제거하자,슬라임 풍선 파괴,
10702,1,1003,0,Scene,2,Event_10702,위험 운송 현상,츄츄족들이 슬라임 풍선을 호송하며 전진하고 있다. 위에 위험한 화물이 탑재된 것 같다. 츄츄족의 슬라임 풍선을 터트려서 위협을 제거하자,슬라임 풍선 파괴,
10800,1,1002,0,Scene,2,Event_10800,빠른 전진,제한 시간 안에 결승점에 도착해야 한다. 마물을 처치하면 시간이 조금 연장된다,제한 시간 안에 결승점에 도착하기,
10801,1,1002,0,Scene,2,Event_10801,빠른 전진,제한 시간 안에 결승점에 도착해야 한다. 마물을 처치하면 시간이 조금 연장된다,제한 시간 안에 결승점에 도착하기,
10900,1,1001,0,Scene,2,Event_10900,안전 운송 법칙,마물이 화물을 운송하는 열기구를 노리고 있는 것 같다. 마물에게 화물을 빼앗길 수 없으니, 이 열기구를 목적지까지 안전하게 호송하자,화물 열기구를 목적지까지 안전하게 호송하기,
11000,1,1003,0,Scene,2,Event_11000,차가운 골칫거리,펑! 츄츄족이 폭약통을 폭파시켰다. 근데… 왜 이렇게 춥지? 어서 그들의 위험한 계획을 막아내자!,모든 몬스터 처치하기,
11001,1,1003,0,Scene,2,Event_11001,차가운 골칫거리,펑! 츄츄족이 폭약통을 폭파시켰다. 근데… 왜 이렇게 춥지? 어서 그들의 위험한 계획을 막아내자!,모든 몬스터 처치하기,
11100,1,1002,0,Scene,2,Event_11100,위난 속의 임무,츄츄 서리왕이 야외에 나타나 주변 구역의 안전을 위협하고 있다. 어서 빨리 처치하자,츄츄 서리왕 처치하기,
11200,1,1002,0,Scene,2,Event_11200,빠른 전진,제한 시간 안에 결승점에 도착해야 한다. 마물을 처치하면 시간이 조금 연장된다,제한 시간 안에 결승점에 도착하기,
11300,1,1001,0,Scene,2,Event_11300,난공불락,모든 마물을 처치하고 지맥 제압석을 보호하자,지맥 제압석 수호 도전 완료하기,
11301,1,1001,0,Scene,2,Event_11301,난공불락,모든 마물을 처치하고 지맥 제압석을 보호하자,지맥 제압석 수호 도전 완료하기,
11400,1,1001,0,Scene,2,Event_11400,「집행관님을 위해!」,「집행관님을 위해….」 우인단이 모여서 뭔가 위험한 일을 꾸미고 있는 듯하다. 더 이상 그들을 날뛰게 할 순 없다!,모든 적 처치하기,
11401,1,1001,0,Scene,2,Event_11401,「집행관님을 위해!」,「집행관님을 위해….」 우인단이 모여서 뭔가 위험한 일을 꾸미고 있는 듯하다. 더 이상 그들을 날뛰게 할 순 없다!,모든 적 처치하기,
20500,1,2003,2000101,Quest,2,EventTest01,통행금지라니?,퀸이 장애물에 길이 막혀 츄츄족에게 포위 당했다. 마물을 처치하고 퀸을 구하자,퀸 구출,
20501,1,2003,2001101,Quest,2,Event_20501,통행금지라니?,앤서니가 장애물에 길이 막혀 츄츄족에게 포위 당했다. 마물을 처치하고 앤서니를 구하자,앤서니 구출,
20502,1,2003,2001201,Quest,2,Event_20502,통행금지라니?,미라나가 장애물에 길이 막혀 츄츄족에게 포위 당했다. 마물을 처치하고 미라나를 구하자,미라나 구출,
20503,1,2003,2001301,Quest,2,Event_20503,통행금지라니?,잭이 장애물에 길이 막혀 츄츄족에게 포위 당했다. 마물을 처치하고 잭을 구하자,잭 구출,
20400,1,2003,2000501,Quest,2,Q20005NPC,잃어버리기 쉬운 열쇠,와이엇이 잃어버린 열쇠를 여기저기서 찾고 있다,와이엇을 도와 열쇠를 찾아주자,
20401,1,2003,2002501,Quest,2,Q20025NPC,잃어버리기 쉬운 열쇠,와이엇이 잃어버린 열쇠를 여기저기서 찾고 있다,와이엇을 도와 열쇠를 찾아주자,
20402,1,2003,2003501,Quest,2,Q20025NPC,잃어버리기 쉬운 열쇠,와이엇이 잃어버린 열쇠를 여기저기서 찾고 있다,와이엇을 도와 열쇠를 찾아주자,
20403,1,2003,2001901,Quest,2,Q20005NPC,잃어버리기 쉬운 열쇠,와이엇이 잃어버린 열쇠를 여기저기서 찾고 있다,와이엇을 도와 열쇠를 찾아주자,
20300,1,2003,2000601,Quest,2,Event102,음식 주문서,사라 씨를 도와 음식을 주문인에게 배달하자,음식을 오를레앙에게 배달,
20301,1,2003,2001601,Quest,2,Event20301,음식 주문서,사라 씨를 도와 음식을 주문인에게 배달하자,음식을 신비한 주문자에게 배달,
20302,1,2003,2002601,Quest,2,Event20302,음식 주문서,사라 씨를 도와 음식을 주문인에게 배달하자,준비한 음식을 주문자에게 배달,
20100,1,2003,2000709,Quest,2,Q20007NPC,긴급 수리,앨런의 화물차가 마물에 의해 파괴됐다. 재료를 수집해 화물차 수리를 도와라,앨런을 도와 화물차 수리,
20101,1,2003,2001709,Quest,2,Q20017NPC,긴급 수리,파라의 화물차가 마물에 의해 파괴됐다. 재료를 수집해 화물차 수리를 도와라,파라를 도와 화물차 수리,
20102,1,2003,2001809,Quest,2,Q20018NPC,긴급 수리,마가르의 화물차가 마물에 의해 파괴됐다. 재료를 수집해 화물차 수리를 도와라,마가르를 도와 화물차 수리,
20200,1,2003,2000801,Quest,1,Event_20200,포동포동한 대규모 폭동!,몬드 부두에 슬라임이 나타났다. 슬라임을 처치해 소동을 막아라,슬라임 소동 해결,
20201,1,2003,2002701,Quest,2,Event_20201,포동포동한 대규모 폭동!,다운 와이너리에 슬라임이 나타났다. 슬라임을 처치해 소동을 막아라,슬라임 소동 해결,
20202,1,2003,2002801,Quest,2,Event_20202,포동포동한 대규모 폭동!,샘물 마을에 슬라임이 나타났다. 슬라임을 처치해 소동을 막아라,슬라임 소동 해결,
20700,1,2003,2000909,Quest,2,Q20009NPC01,언어 교류,엘라·머스크와 함께 츄츄족 야영지로 가서 츄츄어 회화 연습을 하자,엘라·머스크와 함께 츄츄어 회화 연습,
20701,1,2003,2001009,Quest,2,Q20010NPC01,언어 교류,엘라·머스크와 함께 츄츄족 야영지로 가서 츄츄어 회화 연습을 하자,엘라·머스크와 함께 츄츄어 회화 연습,
20702,1,2003,2001509,Quest,2,Q20015NPC01,언어 교류,엘라·머스크와 함께 츄츄족 야영지로 가서 츄츄어 회화 연습을 하자,엘라·머스크와 함께 츄츄어 회화 연습,
21000,1,2003,2003601,Quest,2,Event_21000,바람이 그리움을 전해주길,두 눈이 실명한 글로리는 멀리 떠난 남자친구를 생각하며 그리움에 잠겼다. 그녀는 자기만의 방식으로 그리움을 전하려 한다…,글로리의 소원 들어주기,
20900,1,2003,2003801,Quest,2,Event_20900,신에게 보답하는 방법,젤리안나가 그녀를 대신해 오랫동안 손보지 않은 일곱신상을 청소해줄 사람을 찾고 있다…,젤리안나의 소원 들어주기,
21100,1,2003,2003701,Quest,1,Q20037NPC01GDWTBG,닿을 수 없는 연인,페보니우스 기사 갓윈이 몬드성에 있는 연인을 걱정하여 그를 대신해 안부를 전해줄 사람을 구하고 있다…,갓윈의 편지 전하기,
21200,1,2003,2003901,Quest,2,Event_21200,연금술의 매력,데마로우스는 사람들에게 연금술의 매력을 뽐내길 바라고 있다…,연금술의 매력 느끼기,
20600,1,2003,2004001,Quest,2,Event_20600,아직 나타나지 않은 새로운 폭풍,핀더 수녀는 전망대에 오르고 싶어 하나 뭔가에 막혀 이를 통과할 방법을 찾고 있다…,핀더 수녀 돕기,
21300,1,2003,2004101,Quest,2,Event_21300,용기가 필요한 모험,천풍 신전을 배회하는 패치 아가씨가 신전에 들어가는 방법 때문에 골치 아파하고 있다…,패치 아가씨 돕기,
21600,1,2003,2004401,Quest,1,Event_21600,엘린, 미래의 기사——,엘린은 기사가 되기 위해 열심히 훈련하나 실력이 늘지 않는다. 엘린은 그녀를 지도해줄 사람을 원하고 있다…,엘린의 훈련 지도,
21601,1,2003,2005001,Quest,1,Event_21600,엘린, 미래의 기사——,엘린은 기사가 되기 위해 열심히 훈련하나 실력이 늘지 않는다. 엘린은 그녀를 지도해줄 사람을 원하고 있다…,엘린의 시련 완료,
21602,1,2003,2005301,Quest,2,Event_21600,엘린, 미래의 기사——,엘린은 기사가 되기 위해 열심히 훈련하나 실력이 늘지 않는다. 엘린은 그녀를 지도해줄 사람을 원하고 있다…,엘린의 시련 완료,
21603,1,2003,2006501,Quest,2,Event_21600,엘린, 미래의 기사——,엘린은 기사가 되기 위해 열심히 훈련하나 실력이 늘지 않는다. 엘린은 그녀를 지도해줄 사람을 원하고 있다…,엘린의 시련 완료,
21604,1,2003,2006601,Quest,2,Event_21600,엘린, 미래의 기사——,엘린은 기사가 되기 위해 열심히 훈련하나 실력이 늘지 않는다. 엘린은 그녀를 지도해줄 사람을 원하고 있다…,엘린의 시련 완료,
21400,1,2003,2004201,Quest,1,Q20042NPC1Born,엘버트 씨, 멈추세요——！,수상한 사람이 성당 주위를 배회하고 있다. 빅토리아 수녀는 이 문제를 해결해줄 사람을 찾고 있다…,빅토리아 수녀 돕기,
21500,1,2003,2004301,Quest,1,Q20043NPC1Born,그치지 않는 바람과 미셸 아가씨,미셸 아가씨는 출근길인데도 벌써 지쳐 보인다…,미셸의 소원 들어주기,
21800,1,2003,2004701,Quest,1,Npc1529Route1_3,모험은 신중하게,천풍 신전 인근을 배회하는 두란 씨가 어떤 일 때문에 골치 아파 하고 있다…,두란 씨 돕기,
21700,1,2003,2004801,Quest,1,Event_21700,비둘기, 오리, 어린이,티미가 또 울적해 하고 있다. 이번에는 비둘기가 날아간 그런 간단한 문제 때문이 아닌 것 같다…,티미의 소원 들어주기,
21900,1,2003,2004901,Quest,1,Event_21900,몬드 주객,니므롯 씨는 편하게 술 몇 잔 마시기 위해 술집에서 도와줄 사람을 찾고 있어…,니므롯 씨 돕기,
22000,1,2003,2005101,Quest,1,Event_22000,몬드성의 술,『천사의 몫』은 언제나 사람들로 북적이지만 바텐더 찰스는 요즘 고민이 있다…,칵테일 1잔 만들기,
22100,1,2003,2005401,Quest,1,Event_22100,아무도 관심 갖지 않는 가이,가이 씨는 우울해 한다…,가이의 소원 들어주기,
22200,1,2003,2005801,Quest,1,Event_22200,노라, 빨리 도망쳐!,노라는 바람 신의 신상 위에서 놀고 싶어 하지만 그레이스 수녀님이 허락하지 않는다…,노라의 소원 들어주기,
22400,1,2003,2006201,Quest,1,Event_22400,「모험가」의 한계,허먼 씨는 고민 중이다…,허먼 씨 돕기,
22500,1,2003,2006001,Quest,1,Event_22500,아버지가 할 수 있는 일,터너 씨는 몸져누웠다…,터너 씨 돕기,
22600,1,2003,2002301,Quest,1,Event22600NPCSpawn3,무죄 추정,빅토리아 수녀는 무언가 생각 중인듯하다…,빅토리아 수녀 돕기,
22700,1,2003,2006101,Quest,1,Npc1537Born,비둘기는 한 번 떠나면 돌아오지 않는다,두라프 씨는 기르던 비둘기들 때문에 화가 난 듯하다…,두라프 씨 돕기,
22800,1,2003,2006301,Quest,1,Q20063JackBorn,몬드에서 가장 훌륭한 청중,모험 이야기에 흥분한 잭이 그를 도와 이야기 속의 몬스터의 종적을 찾아줄 사람을 찾고 있다…,잭을 돕기,
22900,1,2003,2005901,Quest,1,Event_22900,보물은… 마다하지 않아!,마죠리 아가씨는 물건이 부족하여 고민에 빠진 듯하다…,마죠리 아가씨 돕기,
24700,1,2003,2051101,Quest,1,Q20511_AnDongNiInitPos,불가사의한 약,앤서니가 리월항의 어느 「명의」에게서 안나의 병을 치료할 약을 구한다…,앤서니 도와주기,
24701,1,2003,2051201,Quest,1,Q20511_AnDongNiInitPos,불가사의한 약,앤서니가 리월항의 어느 「명의」에게서 안나의 병을 치료할 약을 구한다…,앤서니 도와주기,
24702,1,2003,2051301,Quest,1,Q20511_AnDongNiInitPos,불가사의한 약,앤서니가 리월항의 어느 「명의」에게서 안나의 병을 치료할 약을 구한다…,앤서니 도와주기,
23000,1,2003,2010201,Quest,1,Npc1537Born,한 남자아이가 보낸 편지,샘물 마을의 두라프 씨가 편지 한 통 때문에 고민인듯하다…,두라프 도와주기,
24800,1,2003,2051401,Quest,1,Q20514_AnDongNiInitPos,큰 병이 막 낫다,안나의 병세가 점차 좋아지자 그녀는 드디어 나가서 놀 수 있게 되었다. 그러나 앤서니는 그녀를 찾을 수 없는데…,안나 찾기,
24801,1,2003,2051501,Quest,1,Q20514_AnDongNiInitPos,큰 병이 막 낫다,안나의 병세가 점차 좋아지자 그녀는 드디어 나가서 놀 수 있게 되었다. 그러나 앤서니는 그녀를 찾을 수 없는데…,안나 찾기,
24802,1,2003,2051601,Quest,1,Q20514_AnDongNiInitPos,큰 병이 막 낫다,안나의 병세가 점차 좋아지자 그녀는 드디어 나가서 놀 수 있게 되었다. 그러나 앤서니는 그녀를 찾을 수 없는데…,안나 찾기,
24900,1,2003,2051701,Quest,1,Q20517_Rudolf_InitPos,서프라이즈 선물,루돌프 씨는 자신의 아내 젤리안나 씨에게 선물을 주고 싶지만 어떤 걸 줘야 할지 몰라 고민이다…,루돌프 도와주기,
24100,1,2003,2051801,Quest,1,Q20518_Vile_InitPos,「그분」의 의뢰,젤리안나 씨의 일이 해결되자, 베일 씨가 다시 찾아와 「그분」의 새로운 의뢰가 생겼다고 한다…,「그분」의 의뢰 완료하기,
24101,1,2003,2051901,Quest,1,Q20518_Vile_InitPos,「그분」의 의뢰,젤리안나 씨의 일이 해결되자, 베일 씨가 다시 찾아와 「그분」의 새로운 의뢰가 생겼다고 한다…,「그분」의 의뢰 완료하기,
23100,1,2003,2006801,Quest,1,NpcFemaleDayStand09Born,미안해, 티미!,티미는 어떤 일로 인해 당신에게 화가 나 있다. 그레이스 수녀님은 그와 화해할 방법을 알고 있을지도 모른다…,그레이스의 의뢰 완료하기,
23300,1,2003,2010301,Quest,1,Q20103NPCBorn,시로 소통하기,엘라·머스크가 또 츄츄족과 소통할 새로운 방법을 찾았다. 그녀는 이번 실험을 도와줄 사람을 찾고 있다…,엘라·머스크 도와주기,
24300,1,2003,2070001,Quest,1,Q20700_Start,한번 한 말은 반드시 지킨다,스네즈나야의 상인 짜레비치는 그의 문제를 해결해 줄 믿을 만한 사람을 찾고 있다…,짜레비치에게 보수 받기,
23600,1,2003,2060001,Quest,1,Event_23600_Revised,겨울 이야기,몬드성에 있는 「우인단」 빅토르는 「우인단」에 입단할 사람을 모집하고 있다. 「우인단」의 정보를 알아낼 수 있는 좋은 기회일지도…,빅토르에게 우인단의 정보 알아내기,
24000,1,2003,2070101,Quest,1,Q20701_Start,다시 찾아온 손님,지크프리야는 「비옥야채쌈」의 맛이 자꾸 생각나 다시 한번 먹어보고 싶어 한다…,지크프리야에게 요리해주기,
24500,1,2003,2070201,Quest,1,Q20702_Start,페보니우스 기사의 기본 지식,페보니우스 기사 스완은 명예 기사에게 페보니우스 기사단과 몬드성에 관한 기초 상식들을 알려주려고 한다…,몬드에 대해 알아보기,
24600,1,2003,2070301,Quest,1,Q20703_Start,낙엽은 바람으로 돌아간다,이디스는 「바람」을 주제로 한 새 책을 쓰기 위해 영감을 찾고 있다…,이디스에게 바람 원소 나뭇잎 찾아주기,
27700,1,2003,2070401,Quest,1,Q20704_Start,,,,
24200,1,2003,2010401,Quest,1,Npc1596Born,와이너리 대청소 2탄,하녀장 아델린 지시하에 하녀 모코와 하일리도 청소를 시작했으나 뭔가 골치 아픈 일이 생긴 것만 같다…,모코와 하일리 돕기,
28600,1,2003,4112501,Quest,1,Q41125jieke,운석과 모험,몬드성 모험가 길드의 잭이 하늘에서 떨어진 운석들을 처리할 방법을 알아낸 듯하다…,잭을 돕기,
28900,1,2003,2006901,Quest,1,Q20069_npc,꽃향기가 남아 있는 동안,생화는 오래 보존하기 어려워서 꽃 가게 「꽃말」의 점주 플로라는 꽃의 보존 방법을 고민하고 있다…,플로라 돕기,
29000,1,2003,2007015,Quest,1,Q20069_npc,꽃향기가 남아 있도록,플로라 씨를 도와 「꽃 냉장」의 효과를 확인하기 위해 다시 설산에 가서 눈 속에 파묻힌 꽃을 가져와야 한다…,플로라에게 꽃 가져다주기,
29001,1,2003,2007112,Quest,1,Q20069_npc,꽃향기가 남아 있도록,플로라 씨를 도와 「꽃 냉장」의 효과를 확인하기 위해 다시 설산에 가서 눈 속에 파묻힌 꽃을 가져와야 한다…,플로라에게 꽃 가져다주기,
29002,1,2003,2007213,Quest,1,Q20069_npc,꽃향기가 남아 있도록,플로라 씨를 도와 「꽃 냉장」의 효과를 확인하기 위해 다시 설산에 가서 눈 속에 파묻힌 꽃을 가져와야 한다…,플로라에게 꽃 가져다주기,
29100,1,2003,2007301,Quest,1,Q20073_startPos,응급 보급품,리제 씨는 무모한 모험가들이 설산에서 조난당하지 않게끔 설산에 응급 보급품을 준비해두고 있다…,리제 돕기,
28800,1,2003,2052001,Quest,1,Q20520tommy,추위 지수·중,설산에서 추위에 얼어버리기 직전인 모험가 타미는 아직도 완료하지 못한 의뢰를 마음에 두고 있다…,타미 돕기,
29200,1,2003,2052101,Quest,1,Q20521target,음식은 식기 전에,설산 밑 야영지에서 맛있는 냄새가 풍겨온다. 그러나 요리사 해리스는 무언가 고민이 있는 듯하다…,옥희 돕기,
29400,1,2003,2000301,Quest,1,Q20003_Gede,지불해야 될 건 지불하자,고트에게 무슨 고민이 있는 것 같다…,고트 돕기,
29500,1,2003,2000401,Quest,1,Q20004_N1606,지불해야 될 건 지불하자,고트에게 무슨 고민이 있는 것 같다…,고트 돕기,
29900,1,2003,2002901,Quest,1,Event_23600_Revised,스네즈나야로 복귀,몬드성에 대기하고 있던 우인단 빅토르는 드디어 귀국하라는 명령을 받았다…,빅토르 돕기,
40010,1,2003,2001401,Quest,1,Q2002001_N1408,모험가 테스트·전투 방식,몬드성의 안나는 모험가가 되고 싶어 한다…,안나 돕기,
40020,1,2003,2002001,Quest,1,Q2002001_N1408,모험가 테스트·모험 비법,몬드성의 안나는 모험가가 되고 싶어 한다…,안나 돕기,
40030,1,2003,2002101,Quest,1,Q2002105_N1405,모험가 테스트·날아오르는 방법,몬드성의 안나는 모험가가 되고 싶어 한다…,안나 돕기,
40031,1,2003,2006701,Quest,1,Q2002105_N1405,모험가 테스트·날아오르는 방법,몬드성의 안나는 모험가가 되고 싶어 한다…,안나 돕기,
40040,1,2003,2003301,Quest,1,Q2002001_N1408,모험가, 안나!,몬드성의 안나, 이미 진정한 모험가로 거듭난 듯하다,안나 돕기,
40041,1,2003,2004601,Quest,1,Q2002001_N1408,모험가, 안나!,몬드성의 안나, 이미 진정한 모험가로 거듭난 듯하다,안나 돕기,
40042,1,2003,2005201,Quest,1,Q2002001_N1408,모험가, 안나!,몬드성의 안나, 이미 진정한 모험가로 거듭난 듯하다,안나 돕기,
40050,1,2003,2003401,Quest,1,Q2002001_N1408,모험가, 안나!,몬드성의 안나, 이미 진정한 모험가로 거듭난 듯하다,안나 돕기,
15000,2,1101,0,Scene,0,Event_15000,첨벙첨벙,한 무리의 츄츄족이 수상 작전을 연습하고 있다. 모든 마물을 처치하고 위협을 제거하자. 츄츄족을 물에 빠트리면 뜻밖의 효과가 있을지도 모른다…,모든 몬스터 처치하기,
15001,2,1101,0,Scene,0,Event_15001,첨벙첨벙,한 무리의 츄츄족이 수상 작전을 연습하고 있다. 모든 마물을 처치하고 위협을 제거하자. 츄츄족을 물에 빠트리면 뜻밖의 효과가 있을지도 모른다…,모든 몬스터 처치하기,
15002,2,1101,0,Scene,0,Event_15002,첨벙첨벙,한 무리의 츄츄족이 수상 작전을 연습하고 있다. 모든 마물을 처치하고 위협을 제거하자. 츄츄족을 물에 빠트리면 뜻밖의 효과가 있을지도 모른다…,모든 몬스터 처치하기,
15100,2,1102,0,Scene,0,Event_15100,돌격! 앞으로,제한 시간 안에 결승점에 도착해야 한다. 마물을 처치하면 시간이 조금 연장된다,타임어택 도전 완료,
15101,2,1102,0,Scene,0,Event_15101,돌격! 앞으로,제한 시간 안에 결승점에 도착해야 한다. 마물을 처치하면 시간이 조금 연장된다,타임어택 도전 완료,
15103,2,1102,0,Scene,0,Event_15103,돌격! 앞으로,제한 시간 안에 결승점에 도착해야 한다. 마물을 처치하면 시간이 조금 연장된다,타임어택 도전 완료,
15104,2,1102,0,Scene,0,Event_15104,돌격! 앞으로,제한 시간 안에 결승점에 도착해야 한다. 마물을 처치하면 시간이 조금 연장된다,타임어택 도전 완료,
15105,2,1102,0,Scene,0,Event_15105,돌격! 앞으로,제한 시간 안에 결승점에 도착해야 한다. 마물을 처치하면 시간이 조금 연장된다,타임어택 도전 완료,
15200,2,1104,0,Scene,0,Event_15200,돌을 친다?,한 무리의 츄츄족이 야외에서 지나가는 행인을 위협하고 있다. 이 중에는 바위로 자신을 강화한 츄츄족도 있다. 모든 마물을 처치하고 위협을 제거하자,모든 몬스터 처치하기,
15201,2,1104,0,Scene,0,Event_15201,돌을 친다?,한 무리의 츄츄족이 야외에서 지나가는 행인을 위협하고 있다. 이 중에는 바위로 자신을 강화한 츄츄족도 있다. 모든 마물을 처치하고 위협을 제거하자,모든 몬스터 처치하기,
15202,2,1104,0,Scene,0,Event_15202,돌을 친다?,한 무리의 츄츄족이 야외에서 지나가는 행인을 위협하고 있다. 이 중에는 바위로 자신을 강화한 츄츄족도 있다. 모든 마물을 처치하고 위협을 제거하자,모든 몬스터 처치하기,
15203,2,1104,0,Scene,0,Event_15203,돌을 친다?,한 무리의 츄츄족이 야외에서 지나가는 행인을 위협하고 있다. 이 중에는 바위로 자신을 강화한 츄츄족도 있다. 모든 마물을 처치하고 위협을 제거하자,모든 몬스터 처치하기,
15204,2,1104,0,Scene,0,Event_15204,돌을 친다?,한 무리의 츄츄족이 야외에서 지나가는 행인을 위협하고 있다. 이 중에는 바위로 자신을 강화한 츄츄족도 있다. 모든 마물을 처치하고 위협을 제거하자,모든 몬스터 처치하기,
15205,2,1104,0,Scene,0,Event_15205,돌을 친다?,한 무리의 츄츄족이 야외에서 지나가는 행인을 위협하고 있다. 이 중에는 바위로 자신을 강화한 츄츄족도 있다. 모든 마물을 처치하고 위협을 제거하자,모든 몬스터 처치하기,
15206,2,1104,0,Scene,0,Event_15206,돌을 친다?,한 무리의 츄츄족이 야외에서 지나가는 행인을 위협하고 있다. 이 중에는 바위로 자신을 강화한 츄츄족도 있다. 모든 마물을 처치하고 위협을 제거하자,모든 몬스터 처치하기,
15207,2,1104,0,Scene,0,Event_15207,돌을 친다?,한 무리의 츄츄족이 야외에서 지나가는 행인을 위협하고 있다. 이 중에는 바위로 자신을 강화한 츄츄족도 있다. 모든 마물을 처치하고 위협을 제거하자,모든 몬스터 처치하기,
15208,2,1104,0,Scene,0,Event_15208,돌을 친다?,한 무리의 츄츄족이 야외에서 지나가는 행인을 위협하고 있다. 이 중에는 바위로 자신을 강화한 츄츄족도 있다. 모든 마물을 처치하고 위협을 제거하자,모든 몬스터 처치하기,
15300,2,1103,0,Scene,2,Event_15300,츄츄족의 작은 한 걸음,한 무리의 츄츄족이 더 많은 동료를 모으기 위해 야외에 야영지를 건설했다. 모든 마물을 처치하고 위협을 제거하자,모든 몬스터 처치하기,
15302,2,1103,0,Scene,2,Event_15302,츄츄족의 작은 한 걸음,한 무리의 츄츄족이 더 많은 동료를 모으기 위해 야외에 야영지를 건설했다. 모든 마물을 처치하고 위협을 제거하자,모든 몬스터 처치하기,
15303,2,1103,0,Scene,2,Event_15303,츄츄족의 작은 한 걸음,한 무리의 츄츄족이 더 많은 동료를 모으기 위해 야외에 야영지를 건설했다. 모든 마물을 처치하고 위협을 제거하자,모든 몬스터 처치하기,
15304,2,1103,0,Scene,2,Event_15304,츄츄족의 작은 한 걸음,한 무리의 츄츄족이 더 많은 동료를 모으기 위해 야외에 야영지를 건설했다. 모든 마물을 처치하고 위협을 제거하자,모든 몬스터 처치하기,
15400,2,1103,0,Scene,2,Event_15400,악의 확산,심연 메이지가 츄츄족에게 괴이한 의식을 진행하고 있다. 모든 마물을 처치하고 위협을 제거하자,모든 몬스터 처치하기,
15401,2,1103,0,Scene,2,Event_15401,악의 확산,심연 메이지가 츄츄족에게 괴이한 의식을 진행하고 있다. 모든 마물을 처치하고 위협을 제거하자,모든 몬스터 처치하기,
15403,2,1103,0,Scene,2,Event_15403,악의 확산,심연 메이지가 츄츄족에게 괴이한 의식을 진행하고 있다. 모든 마물을 처치하고 위협을 제거하자,모든 몬스터 처치하기,
15404,2,1103,0,Scene,2,Event_15404,악의 확산,심연 메이지가 츄츄족에게 괴이한 의식을 진행하고 있다. 모든 마물을 처치하고 위협을 제거하자,모든 몬스터 처치하기,
15405,2,1103,0,Scene,2,Event_15405,악의 확산,심연 메이지가 츄츄족에게 괴이한 의식을 진행하고 있다. 모든 마물을 처치하고 위협을 제거하자,모든 몬스터 처치하기,
15501,2,1103,0,Scene,0,Event_15501,위험한 등반,츄츄족이 야외에 감시탑을 설치했다. 감시탑을 완전히 파괴하자,츄츄족 감시탑 파괴,
15502,2,1103,0,Scene,0,Event_15502,위험한 등반,츄츄족이 야외에 감시탑을 설치했다. 감시탑을 완전히 파괴하자,츄츄족 감시탑 파괴,
15503,2,1103,0,Scene,0,Event_15503,위험한 등반,츄츄족이 야외에 감시탑을 설치했다. 감시탑을 완전히 파괴하자,츄츄족 감시탑 파괴,
15504,2,1103,0,Scene,0,Event_15504,위험한 등반,츄츄족이 야외에 감시탑을 설치했다. 감시탑을 완전히 파괴하자,츄츄족 감시탑 파괴,
15505,2,1103,0,Scene,0,Event_15505,위험한 등반,츄츄족이 야외에 감시탑을 설치했다. 감시탑을 완전히 파괴하자,츄츄족 감시탑 파괴,
15600,2,1104,0,Scene,0,Event_15600,포동포동한 폭발물,츄츄족이 야외에서 위험한 폭약통을 만들었다. 재료는… 슬라임?! 어서 빨리 그들을 처치하자!,모든 몬스터 처치하기,
15601,2,1104,0,Scene,0,Event_15601,포동포동한 폭발물,츄츄족이 야외에서 위험한 폭약통을 만들었다. 재료는… 슬라임?! 어서 빨리 그들을 처치하자!,모든 몬스터 처치하기,
15602,2,1104,0,Scene,0,Event_15602,포동포동한 폭발물,츄츄족이 야외에서 위험한 폭약통을 만들었다. 재료는… 슬라임?! 어서 빨리 그들을 처치하자!,모든 몬스터 처치하기,
15603,2,1104,0,Scene,0,Event_15603,포동포동한 폭발물,츄츄족이 야외에서 위험한 폭약통을 만들었다. 재료는… 슬라임?! 어서 빨리 그들을 처치하자!,모든 몬스터 처치하기,
15604,2,1104,0,Scene,0,Event_15604,포동포동한 폭발물,츄츄족이 야외에서 위험한 폭약통을 만들었다. 재료는… 슬라임?! 어서 빨리 그들을 처치하자!,모든 몬스터 처치하기,
15701,2,1103,0,Scene,0,Event_15701,위난 속의 임무,우인단 채무 처리인이 야외에 나타났다. 어서 빨리 처치하자,우인단·채무 처리인 처치,
15702,2,1103,0,Scene,0,Event_15702,위난 속의 임무,유적 가디언이 야외에 나타나 주변 구역의 안전을 위협하고 있다. 어서 빨리 처치하자,유적 가디언 토벌,
15703,2,1103,0,Scene,0,Event_15703,위난 속의 임무,우인단 채무 처리인이 야외에 나타났다. 어서 빨리 처치하자,우인단·채무 처리인 처치,
15704,2,1103,0,Scene,0,Event_15704,위난 속의 임무,광풍의 핵이 야외에 나타나 주변 구역의 안전을 위협하고 있다. 어서 빨리 처치하자,광풍의 핵 처치,
15800,2,1104,0,Scene,0,Event_15800,도둑질엔 이유가 없다,한 무리의 보물 사냥단이 보물을 빼앗기 위해 야외에 주둔하고 있다. 이 구역의 모든 보물 사냥단을 처치하자,모든 적 처치하기,
15801,2,1104,0,Scene,0,Event_15801,도둑질엔 이유가 없다,한 무리의 보물 사냥단이 보물을 빼앗기 위해 야외에 주둔하고 있다. 이 구역의 모든 보물 사냥단을 처치하자,모든 적 처치하기,
15802,2,1104,0,Scene,0,Event_15802,도둑질엔 이유가 없다,한 무리의 보물 사냥단이 보물을 빼앗기 위해 야외에 주둔하고 있다. 이 구역의 모든 보물 사냥단을 처치하자,모든 적 처치하기,
15803,2,1104,0,Scene,0,Event_15803,도둑질엔 이유가 없다,한 무리의 보물 사냥단이 보물을 빼앗기 위해 야외에 주둔하고 있다. 이 구역의 모든 보물 사냥단을 처치하자,모든 적 처치하기,
15804,2,1104,0,Scene,0,Event_15804,도둑질엔 이유가 없다,한 무리의 보물 사냥단이 보물을 빼앗기 위해 야외에 주둔하고 있다. 이 구역의 모든 보물 사냥단을 처치하자,모든 적 처치하기,
15900,2,1101,0,Scene,0,Event_15900,난공불락,모든 마물을 처치하고 지맥 제압석을 보호하자,지맥 제압석 수호 도전 완료하기,
15901,2,1101,0,Scene,0,Event_15901,난공불락,모든 마물을 처치하고 지맥 제압석을 보호하자,지맥 제압석 수호 도전 완료하기,
15902,2,1101,0,Scene,0,Event_15902,난공불락,모든 마물을 처치하고 지맥 제압석을 보호하자,지맥 제압석 수호 도전 완료하기,
15903,2,1101,0,Scene,0,Event_15903,난공불락,모든 마물을 처치하고 지맥 제압석을 보호하자,지맥 제압석 수호 도전 완료하기,
15904,2,1101,0,Scene,0,Event_15904,난공불락,모든 마물을 처치하고 지맥 제압석을 보호하자,지맥 제압석 수호 도전 완료하기,
15905,2,1101,0,Scene,0,Event_15905,난공불락,모든 마물을 처치하고 지맥 제압석을 보호하자,지맥 제압석 수호 도전 완료하기,
16000,2,1101,0,Scene,0,Event_16000,숙련은 연습에서,과도한 번개 원소의 영향을 받은 야외 구역. 필드에 떨어지는 낙뢰를 피하며 모든 마물을 처치하자,제한 시간 내에 마물 처치 도전 완료,
16001,2,1101,0,Scene,0,Event_16001,숙련은 연습에서,과도한 번개 원소의 영향을 받은 야외 구역. 필드에 떨어지는 낙뢰를 피하며 모든 마물을 처치하자,제한 시간 내에 마물 처치 도전 완료,
16003,2,1101,0,Scene,0,Event_16003,숙련은 연습에서,과도한 번개 원소의 영향을 받은 야외 구역. 필드에 떨어지는 낙뢰를 피하며 모든 마물을 처치하자,제한 시간 내에 마물 처치 도전 완료,
16004,2,1101,0,Scene,0,Event_16004,숙련은 연습에서,과도한 불 원소의 영향을 받은 야외 구역. 불 원소 지속 피해를 조심하며 모든 몬스터를 처치하자,제한 시간 내에 마물 처치 도전 완료,
16006,2,1101,0,Scene,0,Event_16006,숙련은 연습에서,과도한 불 원소의 영향을 받은 야외 구역. 불 원소 지속 피해를 조심하며 모든 몬스터를 처치하자,제한 시간 내에 마물 처치 도전 완료,
16007,2,1101,0,Scene,0,Event_16007,숙련은 연습에서,과도한 불 원소의 영향을 받은 야외 구역. 불 원소 지속 피해를 조심하며 모든 몬스터를 처치하자,제한 시간 내에 마물 처치 도전 완료,
16401,2,1102,0,Scene,0,Event_16401,빠른 전진,제한 시간 안에 결승점에 도착해야 한다. 마물을 처치하면 시간이 조금 연장된다,제한 시간 안에 결승점에 도착하기,
16402,2,1102,0,Scene,0,Event_16402,빠른 전진,제한 시간 안에 결승점에 도착해야 한다. 마물을 처치하면 시간이 조금 연장된다,제한 시간 안에 결승점에 도착하기,
16403,2,1102,0,Scene,0,Event_16403,빠른 전진,제한 시간 안에 결승점에 도착해야 한다. 마물을 처치하면 시간이 조금 연장된다,제한 시간 안에 결승점에 도착하기,
16501,2,1102,0,Scene,0,Event_16501,안전 운송 법칙,마물이 화물을 운송하는 열기구를 노리고 있는 것 같다. 마물에게 화물을 빼앗길 수 없으니, 이 열기구를 목적지까지 안전하게 호송하자,화물 열기구를 목적지까지 안전하게 호송하기,
16502,2,1102,0,Scene,0,Event_16502,안전 운송 법칙,마물이 화물을 운송하는 열기구를 노리고 있는 것 같다. 마물에게 화물을 빼앗길 수 없으니, 이 열기구를 목적지까지 안전하게 호송하자,화물 열기구를 목적지까지 안전하게 호송하기,
16503,2,1102,0,Scene,0,Event_16503,안전 운송 법칙,마물이 화물을 운송하는 열기구를 노리고 있는 것 같다. 마물에게 화물을 빼앗길 수 없으니, 이 열기구를 목적지까지 안전하게 호송하자,화물 열기구를 목적지까지 안전하게 호송하기,
16504,2,1102,0,Scene,0,Event_16504,안전 운송 법칙,마물이 화물을 운송하는 열기구를 노리고 있는 것 같다. 마물에게 화물을 빼앗길 수 없으니, 이 열기구를 목적지까지 안전하게 호송하자,화물 열기구를 목적지까지 안전하게 호송하기,
16600,2,1102,0,Scene,0,Event_16600,위험 운송 현상,츄츄족들이 슬라임 풍선을 호송하며 전진하고 있다. 위에 위험한 화물이 탑재된 것 같다. 츄츄족의 슬라임 풍선을 터트려서 위협을 제거하자,슬라임 풍선 파괴,
16601,2,1102,0,Scene,0,Event_16601,위험 운송 현상,츄츄족들이 슬라임 풍선을 호송하며 전진하고 있다. 위에 위험한 화물이 탑재된 것 같다. 츄츄족의 슬라임 풍선을 터트려서 위협을 제거하자,슬라임 풍선 파괴,
16602,2,1102,0,Scene,0,Event_16602,위험 운송 현상,츄츄족들이 슬라임 풍선을 호송하며 전진하고 있다. 위에 위험한 화물이 탑재된 것 같다. 츄츄족의 슬라임 풍선을 터트려서 위협을 제거하자,슬라임 풍선 파괴,
16603,2,1102,0,Scene,0,Event_16603,위험 운송 현상,츄츄족들이 슬라임 풍선을 호송하며 전진하고 있다. 위에 위험한 화물이 탑재된 것 같다. 츄츄족의 슬라임 풍선을 터트려서 위협을 제거하자,슬라임 풍선 파괴,
16604,2,1102,0,Scene,0,Event_16604,위험 운송 현상,츄츄족들이 슬라임 풍선을 호송하며 전진하고 있다. 위에 위험한 화물이 탑재된 것 같다. 츄츄족의 슬라임 풍선을 터트려서 위협을 제거하자,슬라임 풍선 파괴,
25300,2,2101,2210001,Quest,1,Event_25300,화주에 있는 객잔,회안은 망서 객잔 주변에 자주 출몰하는 마물 때문에 고민 중이다…,회안의 의뢰 완료,
25301,2,2101,2210101,Quest,1,Event_25300,화주에 있는 객잔,회안은 망서 객잔 주변에 자주 출몰하는 마물 때문에 고민 중이다…,회안의 의뢰 완료,
25302,2,2101,2210201,Quest,1,Event_25300,화주에 있는 객잔,회안은 망서 객잔 주변에 자주 출몰하는 마물 때문에 고민 중이다…,회안의 의뢰 완료,
25400,2,2101,2210301,Quest,1,Event_25300,멀리서 온 손님,베르 고데트는 망서 객잔 주변의 수상한 움직임 때문에 고민에 빠졌다…,베르 고데트 돕기,
25401,2,2101,2210401,Quest,1,Event_25300,멀리서 온 손님,베르 고데트는 망서 객잔 주변의 수상한 움직임 때문에 고민에 빠졌다…,베르 고데트 돕기,
25402,2,2101,2210501,Quest,1,Event_25300,멀리서 온 손님,베르 고데트는 망서 객잔 주변의 수상한 움직임 때문에 고민에 빠졌다…,베르 고데트 돕기,
25500,2,2101,2230001,Quest,1,Event_25500,바위 여행기,막승은 아마 「바위의 신」에 관한 많은 이야기를 알고 있는 것 같다…,막승의 이야기 듣기,
25600,2,2101,2230101,Quest,1,Event_25600,다음 화를 기대해주세요,차 명인 유소가 이야기를 어디까지 했는지 까먹어서 고민에 빠져있다…,유소 돕기,
25700,2,2101,2230201,Quest,1,Event_25700,이 소설이 짱이야!,상구야는 비운 상회에 새로 쓴 소설을 빨리 가져다줄 사람을 찾고 있다…,상구야 도와주기,
25800,2,2101,2230301,Quest,1,Event_25800,술은 저마다의 맛이 있는 법,덕귀는 술집에 손님이 줄어서 고민에 빠졌다…,덕귀 돕기,
25900,2,2101,2230401,Quest,1,Event_25900,선원의 보물,주머니 사정이 넉넉하지 못한 장순은 돈을 벌 수 있는 방법을 생각 중이다…,장순 돕기,
25901,2,2101,2230601,Quest,1,Event_25900,선원의 보물,주머니 사정이 넉넉하지 못한 장순은 돈을 벌 수 있는 방법을 생각 중이다…,장순 돕기,
25902,2,2101,2230701,Quest,1,Event_25900,선원의 보물,주머니 사정이 넉넉하지 못한 장순은 돈을 벌 수 있는 방법을 생각 중이다…,장순 돕기,
26000,2,2101,2230501,Quest,1,Event_26000,살짝 고치면… 뭐가 될까?,석두는 온 힘을 다해 손님을 끌어모으고 있다. 그와 「게임」을 하면…,석두와 게임 한 판 하기,
26100,2,2101,2200001,Quest,1,Q22000LuluSpawn,리월항에 해적이 나타났다!,해적 놀이가 하고 싶은 아이들이다…,아이들과 해적 놀이 하기,
26200,2,2101,2200101,Quest,1,Q22000LuluSpawn,리월항에 해적이 나타났다!,해적 놀이가 하고 싶은 아이들이다…,아이들과 해적 놀이 하기,
26300,2,2101,2200201,Quest,1,Q22000LuluSpawn,리월항에 해적이 나타났다!,해적 놀이가 하고 싶은 아이들이다…,아이들과 해적 놀이 하기,
26400,2,2101,2200301,Quest,1,Event_26400,묵언묵소,망서 객잔의 주방장 언소는 요리할 때 재료를 빠뜨려 고민에 빠졌다…,언소 돕기,
26500,2,2101,2200401,Quest,1,Q22003JiangXueBorn,혼자 낚시하는 강설,낚시 중인 강설은 무언가를 기다리고 있는 듯하다…,강설 돕기,
25100,2,2101,2210601,Quest,1,Event_25100,항구를 지나가는 배가… 24678,임령은 어제 항구에 머물렀던 배를 집계하는 걸 잊어버려 고민에 빠졌다…,임령의 의뢰 완료,
25200,2,2101,2210701,Quest,1,Event_25200,좋은 징조,지화는 자신의 연애 운이 곧 트일 것이라 믿으며 자신을 도와줄 사람을 사방팔방으로 찾고 있다…,지화의 의뢰 완료,
25000,2,2101,2210801,Quest,1,Event_25000,도대체 장봉은 어디 있는 거야?,란 누님은 칼 한 자루를 찾고 있다. 아무런 수확이 없자 그녀는 탐색 범위를 넓히기로 한다…,란 누님의 의뢰 완료,
25001,2,2101,2210901,Quest,1,Event_25000,도대체 장봉은 어디 있는 거야?,란 누님은 칼 한 자루를 찾고 있다. 아무런 수확이 없자 그녀는 탐색 범위를 넓히기로 한다…,란 누님의 의뢰 완료,
25002,2,2101,2211001,Quest,1,Event_25000,도대체 장봉은 어디 있는 거야?,란 누님은 칼 한 자루를 찾고 있다. 아무런 수확이 없자 그녀는 탐색 범위를 넓히기로 한다…,란 누님의 의뢰 완료,
26600,2,2101,2211201,Quest,1,Event_26600_01,망서의 보수가 필요한 계단,망서 객잔의 회안이 객잔 계단의 끊어진 곳을 보수해줄 사람을 찾고 있다…,회안 돕기,
26700,2,2101,2211301,Quest,1,Event_26700_01,망서의 보수가 필요한 계단,망서 객잔의 회안이 객잔 계단의 또 다른 끊어진 곳을 보수해줄 사람을 찾고 있다…,회안 돕기,
26800,2,2101,2200501,Quest,1,Q22005BaoerInitPos,「분실된」 유물,보아가 귀중한 유물을 잃어버렸다며 애타게 찾고 있다. 그녀는 도움이 필요해 보인다…,보아 도와주기,
26801,2,2101,2200601,Quest,1,Q22005BaoerInitPos,「분실된」 유물,보아가 귀중한 유물을 잃어버렸다며 애타게 찾고 있다. 그녀는 도움이 필요해 보인다…,보아 도와주기,
26802,2,2101,2200701,Quest,1,Q22005BaoerInitPos,「분실된」 유물,보아가 귀중한 유물을 잃어버렸다며 애타게 찾고 있다. 그녀는 도움이 필요해 보인다…,보아 도와주기,
26900,2,2101,2200901,Quest,1,Q22009SoRaYaInitPos,「보물 빼앗기」 작전,소라야는 계속해서 유물을 훔쳐 가는 보물 사냥단에 매우 불만인 듯하다. 그녀를 도와 보물 사냥단을 저지해 줄 사람을 찾고 있다,소라야 도와주기,
27000,2,2101,2200801,Quest,1,Q1120201NPC,좋은 약은 입에 쓰다,진향의 딸 팥쥐는 여전히 약을 먹으려 하지 않는다. 「행인두부」를 먹으면 말을 좀 잘 듣지 않을까…,진향 도와주기,
28000,2,2101,2211401,Quest,1,Event_25100,「업무」라는 것은,임령은 업무 도중 실수가 너무 잦아 해고당할 위기에 처해있다…,임령 돕기,
28100,2,2101,2211501,Quest,1,Npc1624Born,오래도록 옛 친구를 기다리네,경책 산장의 상구야가 홀로 작품의 영감을 얻으러 「무망의 언덕」에 가서 아직까지 돌아오지 않아 약심 할머니가 걱정하는 듯하다…,상구야 찾기,
28200,2,2101,2211601,Quest,1,Npc1624Born,이 소설은 대박 날 거야!,상구야는 새로운 소설을 쓰고 싶지만, 어디서부터 손 대야 할지 몰라 영감을 찾아야 된다고 한다…,상구야 도와주기,
28300,2,2101,2211701,Quest,1,Q22117NPCBorn,벗을 만나러 절운에 가다,평 할머니는 방금 「호로산」에 옛 친구를 만나러 갔을 때 그곳에 무언가를 놓고 왔다는 걸 깨닫는다…,평 할머니 도와주기,
27500,2,2101,2220001,Quest,1,Q2057NPCBorn,블랙홀 같은 위,비운 언덕을 순찰한 일성은 배고파 쓰러질 지경이다,꼬르륵 소리의 출처 찾기,
28400,2,2101,2250001,Quest,1,Q22500lulu,성장의 고민,룰루는 요즘 고민 때문에 기분이 별로이다,룰루 돕기,
28500,2,2101,2270101,Quest,1,Q22701_Start,비작우검의,절운간에서 선인의 흔적을 찾던 손우가 도움이 필요한 것 같다,손우의 의뢰 완료,
28700,2,2101,2250101,Quest,1,Q22501qingzhou1,시의 본질,운석우가 내리자 시인 청주는 영감이 떠올랐다며 운석이 떨어진 곳에 가서 시를 읊겠다고 한다…,청주 설득하기,
29300,2,2101,2100001,Quest,1,Q2100001_N2031_310701492,오오! 해적은 어른이 되고 싶어!,최근 리월항의 소몽이에게 고민이 있는 듯하다…,소몽이 돕기,
29600,2,2101,2102601,Quest,1,Q2102601_N2411,물을 타고 온 고민,악천이 소몽의 해류병을 주운 것 같다…,악천 돕기,
29700,2,2101,2102701,Quest,1,Q2100001_N2031_310701492,꼬마 해적, 출항!,소몽의 고민을 해결할 방법이 생긴 것 같다…,소몽이 돕기,
29800,2,2101,2102801,Quest,1,Q2100001_N2031_310701492,작은 외출·상비약,소몽이 여행을 떠날 준비를 한다…,소몽이 돕기,
29801,2,2101,2102901,Quest,1,Q2102701_N2031,작은 외출·비상식량 아님,소몽이 여행을 떠날 준비를 한다…,소몽이 돕기,
29802,2,2101,2103001,Quest,1,Q2102706_N2031,작은 외출·몸을 지키는 방법?,소몽이 여행을 떠날 준비를 한다…,소몽이 돕기,
40060,2,2101,2103101,Quest,1,Q21031_N2202,초대하지 않은 손님,망서 객잔의 회안에게 무슨 고민이 있는 것 같다…,회안 돕기,
25003,2,2101,2103301,Quest,1,Q21033_lanjie,도대체 장봉은 어디 있는 거야?,란 누님이 칼 한 자루를 찾고 있다. 아무런 수확이 없자 그녀는 탐색 범위를 넓히기로 한다…,란 누님 돕기,
25004,2,2101,2103401,Quest,1,Q2103401,도대체 장봉은 어디 있는 거야?,아무래도 란 누님은 「장봉」을 찾는 것에 대해 마음이 바뀐 것 같다…,란 누님 돕기,
41360,2,2101,2103501,Quest,1,Q2103501_Sunyu,검이 떠나는 날,고화파 제자인 손우가 생각에 잠겨 있다…,손우 돕기,
41361,2,2101,2103601,Quest,1,Q2103601,검이 떠나는 날,고화파 제자인 손우가 수련에 몰두하고 있다…,손우 돕기,
41362,2,2101,2103701,Quest,1,Q2103701,검이 떠나는 날,손우가 리월항을 떠날 날이 빠르게 다가오고 있다…,손우 돕기,
41363,2,2101,2103801,Quest,1,Q21038_SUNYU,검이 떠나는 날,손우가 리월항을 떠날 준비를 하는 것 같다…,손우 돕기,
41364,2,2101,2103201,Quest,1,,검이 떠나는 날,절운간에서 선인을 찾던 손우는 수련에 몰두하고 있다…,손우 돕기,
31010,3,3101,0,Scene,2,EVENT_31010,궁지에 몰린 도적 추격하기,한 도적단이 근처로 도주해 주변 구역의 안전을 위협하고 있다. 어서 처치하자,모든 적 처치,
31020,3,3101,0,Scene,2,EVENT_31020,악의 확산,심연 메이지가 츄츄족에게 괴이한 의식을 진행하고 있다. 모든 마물을 처치하고 위협을 제거하자,모든 몬스터 처치하기,
31030,3,3101,0,Scene,2,EVENT_31030,도둑질엔 이유가 없다,한 무리의 보물 사냥단이 보물을 빼앗기 위해 야외에 주둔하고 있다. 이 구역의 모든 보물 사냥단을 처치하자,모든 적 처치하기,
31040,3,3101,0,Scene,2,EVENT_31040,「집행관님을 위해!」,「집행관님을 위해….」 우인단이 모여서 뭔가 위험한 일을 꾸미고 있는 듯하다. 더 이상 그들을 날뛰게 할 순 없다!,모든 적 처치하기,
31090,3,3101,0,Scene,2,EVENT_31090,위난 속의 임무,해란귀가 야외에 나타나 주변 구역의 안전을 위협하고 있다. 어서 처치하자,해란귀 처치하기,
31091,3,3101,0,Scene,2,EVENT_31091a,위난 속의 임무,해란귀가 야외에 나타나 주변 구역의 안전을 위협하고 있다. 어서 처치하자,해란귀 처치하기,
31092,3,3101,0,Scene,2,EVENT_31092,위난 속의 임무,거울의 여인이 야외에 나타나 주변 구역의 안전을 위협하고 있다. 어서 처치하자,거울의 여인 처치하기,
31093,3,3101,0,Scene,2,EVENT_31093,위난 속의 임무,유적 장치가 야외에 나타나 주변 구역의 안전을 위협하고 있다. 어서 처치하고 위협을 제거하자,유적 장치 제거하기,
31094,3,3101,0,Scene,2,EVENT_31094,위난 속의 임무,유적 장치가 야외에 나타나 주변 구역의 안전을 위협하고 있다. 어서 처치하고 위협을 제거하자,유적 장치 제거하기,
31095,3,3101,0,Scene,2,EVENT_31095,위난 속의 임무,유적 장치가 야외에 나타나 주변 구역의 안전을 위협하고 있다. 어서 처치하고 위협을 제거하자,유적 장치 제거하기,
31110,3,3101,0,Scene,2,EVENT_31110,번개를 내리는 방법,수상한 녀석들이 번개 원소가 깃든 물건을 연구하고 있다, 어서 빨리 그들을 저지하자,모든 적 처치,
31111,3,3101,0,Scene,2,EVENT_31111,번개를 내리는 방법,수상한 녀석들이 번개 원소가 깃든 물건을 연구하고 있다, 어서 빨리 그들을 저지하자,모든 마물 처치하기,
31112,3,3101,0,Scene,2,EVENT_31112,번개를 내리는 방법,수상한 녀석들이 번개 원소가 깃든 물건을 연구하고 있다, 어서 빨리 그들을 저지하자,모든 적 처치,
31113,3,3101,0,Scene,2,EVENT_31113,번개를 내리는 방법,수상한 녀석들이 번개 원소가 깃든 물건을 연구하고 있다, 어서 빨리 그들을 저지하자,모든 적 처치,
31114,3,3101,0,Scene,2,EVENT_31114a,번개를 내리는 방법,수상한 녀석들이 번개 원소가 깃든 물건을 연구하고 있다, 어서 빨리 그들을 저지하자,모든 적 처치,
31170,3,3101,0,Scene,2,EVENT_31170,불법 부유,떠도는 정령 무리가 야외에 나타나 주변 구역의 안전을 위협하고 있다. 어서 처치하고 위협을 제거하자,모든 마물 처치하기,
31171,3,3101,0,Scene,2,EVENT_31171,불법 부유,떠도는 정령 무리가 야외에 나타나 주변 구역의 안전을 위협하고 있다. 어서 처치하고 위협을 제거하자,모든 마물 처치하기,
31172,3,3101,0,Scene,2,EVENT_31172,불법 부유,떠도는 정령 무리가 야외에 나타나 주변 구역의 안전을 위협하고 있다. 어서 처치하고 위협을 제거하자,모든 마물 처치하기,
31220,3,3101,0,Scene,2,EVENT_31220,맹견 관리 규범,수계(獸界) 사냥개 무리가 야외에 나타나 주변의 안전을 위협하고 있다. 그들을 처치하고 위협을 제거하자,모든 마물 처치하기,
31221,3,3101,0,Scene,2,EVENT_31221,맹견 관리 규범,수계(獸界) 사냥개 무리가 야외에 나타나 주변의 안전을 위협하고 있다. 그들을 처치하고 위협을 제거하자,모든 마물 처치하기,
31222,3,3101,0,Scene,2,EVENT_31222,맹견 관리 규범,수계(獸界) 사냥개 무리가 야외에 나타나 주변 지역의 안전을 위협하고 있다. 그들을 처지하고 위협을 제거하자,모든 마물 처치하기,
31230,3,3101,0,Scene,2,EVENT_31230,떠도는 사악함,마물 무리가 야외에 나타나 주변 지역의 안전을 위협하고 있다. 그들을 처치하고 위협을 제거하자,모든 마물 처치하기,
31231,3,3101,0,Scene,2,EVENT_31231,떠도는 사악함,마물 무리가 야외에 나타나 주변 지역의 안전을 위협하고 있다. 그들을 처치하고 위협을 제거하자,모든 마물 처치하기,
31240,3,3101,0,Scene,2,EVENT_31240,위험한 물놀이,츄츄족이 바다 위에 기지를 지어 지나가는 배들의 안전을 위협하고 있다. 그들을 처치하고 위협을 제거하자,모든 마물 처치하기,
31241,3,3101,0,Scene,2,EVENT_31241,위험한 물놀이,츄츄족이 바다 위에 기지를 지어 지나가는 배들의 안전을 위협하고 있다. 그들을 처치하고 위협을 제거하자,모든 마물 처치하기,
31060,3,3102,0,Scene,2,EVENT_31060,낮도둑,수상한 녀석들이 야외에 나타나 주변 구역의 안전을 위협하고 있다. 야영지에 잠입해 물자를 가져간다면 그들의 전력을 대폭 약화시킬 수 있을 것이다,물자 획득 도전 완료,
31061,3,3102,0,Scene,2,EVENT_31061,낮도둑,수상한 녀석들이 야외에 나타나 주변 구역의 안전을 위협하고 있다. 야영지에 잠입해 물자를 가져간다면 그들의 전력을 대폭 약화시킬 수 있을 것이다,물자 획득 도전 완료,
31062,3,3102,0,Scene,2,EVENT_31062,낮도둑,수상한 녀석들이 야외에 나타나 주변 구역의 안전을 위협하고 있다. 야영지에 잠입해 물자를 가져간다면 그들의 전력을 대폭 약화시킬 수 있을 것이다,물자 획득 도전 완료,
31063,3,3102,0,Scene,2,EVENT_31063,낮도둑,수상한 녀석들이 야외에 나타나 주변 구역의 안전을 위협하고 있다. 야영지에 잠입해 물자를 가져간다면 그들의 전력을 대폭 약화시킬 수 있을 것이다,물자 획득 도전 완료,
31064,3,3102,0,Scene,2,EVENT_31064,낮도둑,수상한 녀석들이 야외에 나타나 주변 구역의 안전을 위협하고 있다. 야영지에 잠입해 물자를 가져간다면 그들의 전력을 대폭 약화시킬 수 있을 것이다,물자 획득 도전 완료,
31065,3,3102,0,Scene,2,EVENT_31065,낮도둑,수상한 녀석들이 야외에 나타나 주변 구역의 안전을 위협하고 있다. 야영지에 잠입해 물자를 가져간다면 그들의 전력을 대폭 약화시킬 수 있을 것이다,물자 획득 도전 완료,
31066,3,3102,0,Scene,2,EVENT_31066,낮도둑,수상한 녀석들이 야외에 나타나 주변 구역의 안전을 위협하고 있다. 야영지에 잠입해 물자를 가져간다면 그들의 전력을 대폭 약화시킬 수 있을 것이다,물자 획득 도전 완료,
31067,3,3102,0,Scene,2,EVENT_31067,낮도둑,수상한 녀석들이 야외에 나타나 주변 구역의 안전을 위협하고 있다. 야영지에 잠입해 물자를 가져간다면 그들의 전력을 대폭 약화시킬 수 있을 것이다,물자 획득 도전 완료,
31068,3,3102,0,Scene,2,EVENT_31068,낮도둑,수상한 녀석들이 야외에 나타나 주변 구역의 안전을 위협하고 있다. 야영지에 잠입해 물자를 가져간다면 그들의 전력을 대폭 약화시킬 수 있을 것이다,물자 획득 도전 완료,
31069,3,3102,0,Scene,2,EVENT_31069,낮도둑,수상한 녀석들이 야외에 나타나 주변 구역의 안전을 위협하고 있다. 야영지에 잠입해 물자를 가져간다면 그들의 전력을 대폭 약화시킬 수 있을 것이다,물자 획득 도전 완료,
31210,3,3102,0,Scene,2,EVENT_31210,낮도둑,수상한 녀석들이 야외에 나타나 주변 구역의 안전을 위협하고 있다. 야영지에 잠입해 물자를 가져간다면 그들의 전력을 크게 약화시킬 수 있을 것이다,물자 획득 도전 완료하기,
31211,3,3102,0,Scene,2,EVENT_31211,낮도둑,수상한 녀석들이 야외에 나타나 주변 구역의 안전을 위협하고 있다. 야영지에 잠입해 물자를 가져간다면 그들의 전력을 크게 약화시킬 수 있을 것이다,물자 획득 도전 완료하기,
31080,3,3102,0,Scene,2,EVENT_31080,위험한 등반,츄츄족이 야외에 감시탑을 설치했다. 감시탑을 완전히 파괴하자,츄츄족 감시탑 파괴,
31081,3,3102,0,Scene,2,EVENT_31081,위험한 등반,츄츄족이 야외에 감시탑을 설치했다. 감시탑을 완전히 파괴하자,츄츄족 감시탑 파괴,
31082,3,3102,0,Scene,2,EVENT_31082,위험한 등반,츄츄족이 야외에 감시탑을 설치했다. 감시탑을 완전히 파괴하자,츄츄족 감시탑 파괴,
31180,3,3102,0,Scene,2,EVENT_31180,뇌정 기폭 작전,수상한 녀석들이 야외에 나타나 주변 구역의 안전을 위협하고 있으니 어서 처치하자. 주변에 있는 번개의 벚나무 가지와 번개의 반좌를 활용하면 뜻밖의 효과를 얻을 수 있을지도 모른다,타임어택 도전 완료하기,
31181,3,3102,0,Scene,2,EVENT_31181,뇌정 기폭 작전,수상한 녀석들이 야외에 나타나 주변 구역의 안전을 위협하고 있으니 어서 처치하자. 주변에 있는 번개의 벚나무 가지와 번개의 반좌를 활용하면 뜻밖의 효과를 얻을 수 있을지도 모른다,타임어택 도전 완료하기,
31182,3,3102,0,Scene,2,EVENT_31182,뇌정 기폭 작전,수상한 녀석들이 야외에 나타나 주변 구역의 안전을 위협하고 있으니 어서 처치하자. 주변에 있는 번개의 벚나무 가지와 번개의 반좌를 활용하면 뜻밖의 효과를 얻을 수 있을지도 모른다,타임어택 도전 완료하기,
31190,3,3102,0,Scene,2,EVENT_31190,충전 전투 방안,수상한 녀석들이 야외에 나타나 주변 구역의 안전을 위협하고 있으니 어서 처치하자. 주변에 있는 번개의 벚나무 가지와 번개의 결정을 활용하면 뜻밖의 효과가 있을지도 모른다,타임어택 도전 완료하기,
31191,3,3102,0,Scene,2,EVENT_31191,충전 전투 방안,수상한 녀석들이 야외에 나타나 주변 구역의 안전을 위협하고 있으니 어서 처치하자. 주변에 있는 번개의 벚나무 가지와 번개의 결정을 활용하면 뜻밖의 효과가 있을지도 모른다,타임어택 도전 완료하기,
31192,3,3102,0,Scene,2,EVENT_31192,충전 전투 방안,수상한 녀석들이 야외에 나타나 주변 구역의 안전을 위협하고 있으니 어서 처치하자. 주변에 있는 번개의 벚나무 가지와 번개의 결정을 활용하면 뜻밖의 효과가 있을지도 모른다,타임어택 도전 완료하기,
31193,3,3102,0,Scene,2,EVENT_31193,충전 전투 방안,수상한 녀석들이 야외에 나타나 주변 구역의 안전을 위협하고 있으니 어서 처치하자. 주변에 있는 번개의 벚나무 가지와 번개의 결정을 활용하면 뜻밖의 효과가 있을지도 모른다,타임어택 도전 완료하기,
31100,3,3103,0,Scene,2,EVENT_31100,번개 들판의 위험한 추적,야외에 번개 원소를 지닌 기묘한 안개가 나타나 행인들을 위협하고 있다. 바람의 힘을 사용해 안개를 제거할 수 있을 듯하다. 안개를 제거할 때 미지의 위험이 나타날 수도 있으니 조심하자,번개의 안개 제거 도전 완료,
31101,3,3103,0,Scene,2,EVENT_31101,번개 들판의 위험한 추적,야외에 번개 원소를 지닌 기묘한 안개가 나타나 행인들을 위협하고 있다. 바람의 힘을 사용해 안개를 제거할 수 있을 듯하다. 안개를 제거할 때 미지의 위험이 나타날 수도 있으니 조심하자,번개의 안개 제거 도전 완료,
31102,3,3103,0,Scene,2,EVENT_31102,번개 들판의 위험한 추적,야외에 번개 원소를 지닌 기묘한 안개가 나타나 행인들을 위협하고 있다. 바람의 힘을 사용해 안개를 제거할 수 있을 듯하다. 안개를 제거할 때 미지의 위험이 나타날 수도 있으니 조심하자,번개의 안개 제거 도전 완료,
31103,3,3103,0,Scene,2,EVENT_31103,번개의 들판,야외에 번개 원소를 지닌 기묘한 안개가 나타나 행인들을 위협하고 있다. 바람의 힘을 사용해 안개를 제거할 수 있을 듯하다. 그러나, 안개를 제거할 땐 아직 모르는 미지의 위험에 항상 조심해야 한다,번개 안개 제거 도전 완료하기,
31104,3,3103,0,Scene,2,EVENT_31104,번개의 들판,야외에 번개 원소를 지닌 기묘한 안개가 나타나 행인들을 위협하고 있다. 바람의 힘을 사용해 안개를 제거할 수 있을 듯하다. 그러나, 안개를 제거할 땐 아직 모르는 미지의 위험에 항상 조심해야 한다,번개 안개 제거 도전 완료하기,
31105,3,3103,0,Scene,2,EVENT_31105,번개의 들판,야외에 번개 원소를 지닌 기묘한 안개가 나타나 행인들을 위협하고 있다. 바람의 힘을 사용해 안개를 제거할 수 있을 듯하다. 그러나, 안개를 제거할 땐 아직 모르는 미지의 위험에 항상 조심해야 한다,번개 안개 제거 도전 완료하기,
31106,3,3103,0,Scene,2,EVENT_31106,번개의 들판,야외에 번개 원소를 지닌 기묘한 안개가 나타나 행인들을 위협하고 있다. 바람의 힘을 사용해 안개를 제거할 수 있을 듯하다. 안개를 제거할 때 미지의 위험이 나타날 수도 있으니 조심하자,번개의 안개 제거 도전 완료,
31050,3,3103,0,Scene,2,EVENT_31050,난공불락,모든 마물을 처치하고 지맥 제압석을 보호하자,지맥 제압석 수호 도전 완료하기,
31051,3,3103,0,Scene,2,EVENT_31051,난공불락,모든 마물을 처치하고 지맥 제압석을 보호하자,지맥 제압석 수호 도전 완료하기,
31052,3,3103,0,Scene,2,EVENT_31052a,난공불락,모든 마물을 처치하고 지맥 제압석을 보호하자,지맥 제압석 수호 도전 완료하기,
31053,3,3103,0,Scene,2,EVENT_31053,난공불락,모든 마물을 처치하고 지맥 제압석을 보호하자,지맥 제압석 수호 도전 완료하기,
31054,3,3103,0,Scene,2,EVENT_31054,난공불락,모든 마물을 처치하고 지맥 제압석을 보호하자,지맥 제압석 수호 도전 완료하기,
31055,3,3103,0,Scene,2,EVENT_31055,난공불락,모든 마물을 처치하고 지맥 제압석을 보호하자,지맥 제압석 수호 도전 완료하기,
31070,3,3103,0,Scene,2,EVENT_31070,빠른 처치,수상한 녀석들이 야외에 나타나 주변 구역의 안전을 위협하고 있다. 어서 처치하자,타임어택 도전 완료하기,
31071,3,3103,0,Scene,2,EVENT_31071,빠른 처치,수상한 녀석들이 야외에 나타나 주변 구역의 안전을 위협하고 있다. 어서 처치하자,타임어택 도전 완료하기,
31072,3,3103,0,Scene,2,EVENT_31072,빠른 처치,수상한 녀석들이 야외에 나타나 주변 구역의 안전을 위협하고 있다. 어서 처치하자,타임어택 도전 완료하기,
31073,3,3103,0,Scene,2,EVENT_31073,빠른 처치,수상한 녀석들이 야외에 나타나 주변 구역의 안전을 위협하고 있다. 어서 처치하자,타임어택 도전 완료하기,
31074,3,3103,0,Scene,2,EVENT_31074a,빠른 처치,수상한 녀석들이 야외에 나타나 주변 구역의 안전을 위협하고 있다. 어서 처치하자,타임어택 도전 완료하기,
31120,3,3103,0,Scene,2,EVENT_31120,우르르 쾅쾅 대위기,수상한 녀석들이 위험한 뇌폭을 발동했다. 낙뢰는 모든 사람을 무차별 공격한다. 어서 빨리 처치하자,타임어택 도전 완료하기,
31121,3,3103,0,Scene,2,EVENT_31121a,우르르 쾅쾅 대위기,수상한 녀석들이 위험한 뇌폭을 발동했다. 낙뢰는 모든 사람에게 무차별 공격을 진행한다. 어서 빨리 처치하자,타임어택 도전 완료하기,
31122,3,3103,0,Scene,2,EVENT_31122,우르르 쾅쾅 대위기,수상한 녀석들이 위험한 뇌폭을 발동했다. 낙뢰는 모든 사람에게 무차별 공격을 진행한다. 어서 빨리 처치하자,타임어택 도전 완료하기,
31123,3,3103,0,Scene,2,EVENT_31123,우르르 쾅쾅 대위기,수상한 녀석들이 위험한 뇌폭을 발동했다. 낙뢰는 모든 사람에게 무차별 공격을 진행한다. 어서 빨리 처치하자,타임어택 도전 완료하기,
31124,3,3103,0,Scene,2,EVENT_31124,우르르 쾅쾅 대위기,수상한 녀석들이 위험한 뇌폭을 발동했다. 낙뢰가 모든 사람에게 무차별 공격을 가하고 있다. 빨리 뇌폭을 처치해야 한다,타임어택 도전 완료하기,
31125,3,3103,0,Scene,2,EVENT_31125,우르르 쾅쾅 대위기,수상한 녀석들이 위험한 뇌폭을 발동했다. 낙뢰가 모든 사람에게 무차별 공격을 가하고 있다. 빨리 뇌폭을 처치해야 한다,타임어택 도전 완료하기,
31126,3,3103,0,Scene,2,EVENT_31126,우르르 쾅쾅 대위기,수상한 녀석들이 위험한 뇌폭을 발동했다. 낙뢰가 모든 사람에게 무차별 공격을 가하고 있다. 빨리 뇌폭을 처치해야 한다,타임어택 도전 완료하기,
31140,3,3104,0,Scene,2,EVENT_31140,안전 운송 법칙,마물이 화물을 운송하는 열기구를 노리고 있는 것 같다. 마물에게 화물을 빼앗길 수 없으니, 이 열기구를 목적지까지 안전하게 호송하자,화물 열기구를 목적지까지 안전하게 호송하기,
31141,3,3104,0,Scene,2,EVENT_31141,안전 운송 법칙,마물이 화물을 운송하는 열기구를 노리고 있는 것 같다. 마물에게 화물을 빼앗길 수 없으니, 이 열기구를 목적지까지 안전하게 호송하자,화물 열기구를 목적지까지 안전하게 호송하기,
31142,3,3104,0,Scene,2,EVENT_31142,안전 운송 법칙,마물이 화물을 운송하는 열기구를 노리고 있는 것 같다. 마물에게 화물을 빼앗길 수 없으니, 이 열기구를 목적지까지 안전하게 호송하자,화물 열기구를 목적지까지 안전하게 호송하기,
31143,3,3104,0,Scene,2,EVENT_31143,안전 운송 법칙,마물이 화물을 운송하는 열기구를 노리고 있는 것 같다. 마물에게 화물을 빼앗길 수 없으니, 이 열기구를 목적지까지 안전하게 호송하자,화물 열기구를 목적지까지 안전하게 호송하기,
31144,3,3104,0,Scene,2,EVENT_31144a,안전 운송 법칙,마물이 화물을 운송하는 열기구를 노리고 있는 것 같다. 마물에게 화물을 빼앗길 수 없으니, 이 열기구를 목적지까지 안전하게 호송하자,화물 열기구를 목적지까지 안전하게 호송하기,
31150,3,3104,0,Scene,2,EVENT_31150,위험 운송 현상,츄츄족들이 슬라임 풍선을 호송하며 전진하고 있다. 위에 위험한 화물이 탑재된 것 같다. 츄츄족의 슬라임 풍선을 터트려서 위협을 제거하자,슬라임 풍선 파괴하기,
31151,3,3104,0,Scene,2,EVENT_31151,위험 운송 현상,츄츄족들이 슬라임 풍선을 호송하며 전진하고 있다. 위에 위험한 화물이 탑재된 것 같다. 츄츄족의 슬라임 풍선을 터트려서 위협을 제거하자,슬라임 풍선 파괴하기,
31152,3,3104,0,Scene,2,EVENT_31152,위험 운송 현상,츄츄족들이 슬라임 풍선을 호송하며 전진하고 있다. 위에 위험한 화물이 탑재된 것 같다. 츄츄족의 슬라임 풍선을 터트려서 위협을 제거하자,슬라임 풍선 파괴하기,
31153,3,3104,0,Scene,2,EVENT_31153,위험 운송 현상,츄츄족들이 슬라임 풍선을 호송하며 전진하고 있다. 위에 위험한 화물이 탑재된 것 같다. 츄츄족의 슬라임 풍선을 터트려서 위협을 제거하자,슬라임 풍선 파괴하기,
31154,3,3104,0,Scene,2,EVENT_31154,위험 운송 현상,츄츄족들이 슬라임 풍선을 호송하고 있다. 아마 위에 위험한 화물이 실려있는 것 같다. 츄츄족의 슬라임 풍선을 터트려 위험을 제거하자,슬라임 풍선 파괴하기,
31130,3,3104,0,Scene,2,EVENT_31130,전압 돌격,제한 시간 안에 결승점에 도착해야 한다,제한 시간 안에 결승점에 도착하기,
31131,3,3104,0,Scene,2,EVENT_31131,전압 돌격,제한 시간 안에 결승점에 도착해야 한다,제한 시간 안에 결승점에 도착하기,
31132,3,3104,0,Scene,2,EVENT_31132,전압 돌격,제한 시간 안에 결승점에 도착해야 한다,제한 시간 안에 결승점에 도착하기,
31160,3,3104,0,Scene,2,EVENT_31160,빠른 전진,제한 시간 안에 결승점에 도착해야 한다. 마물을 처치하면 시간이 조금 연장된다,제한 시간 안에 결승점에 도착하기,
31161,3,3104,0,Scene,2,EVENT_31161,빠른 전진,제한 시간 안에 결승점에 도착해야 한다. 마물을 처치하면 시간이 조금 연장된다,제한 시간 안에 결승점에 도착하기,
31162,3,3104,0,Scene,2,EVENT_31162a,빠른 전진,제한 시간 안에 결승점에 도착해야 한다. 마물을 처치하면 시간이 조금 연장된다,제한 시간 안에 결승점에 도착하기,
31163,3,3104,0,Scene,2,EVENT_31163,빠른 전진,제한 시간 안에 결승점에 도착해야 한다. 마물을 처치하면 시간이 조금 연장된다,제한 시간 안에 결승점에 도착하기,
31164,3,3104,0,Scene,2,EVENT_31164,전압 돌격,제한 시간 안에 결승점에 도착해야 한다,제한 시간 안에 결승점에 도착하기,
31200,3,3104,0,Scene,2,EVENT_31200,번개 수집가,제한 시간 내에 모든 번개 입자를 수집하자,모든 번개 입자 수집하기,
31201,3,3104,0,Scene,2,EVENT_31201,번개 수집가,제한 시간 내에 모든 번개 입자를 수집하자,모든 번개 입자 수집하기,
31202,3,3104,0,Scene,2,EVENT_31202,번개 수집가,제한 시간 내에 모든 번개 입자를 수집하자,모든 번개 입자 수집하기,
41040,3,3001,2201101,Quest,0,Q22011GreatTree,기도 중인 사람들…,나루카미 다이샤의 마키 아가씨가 무슨 고민이 있는 듯하다…,마키 돕기,
41060,3,3001,2201201,Quest,0,Q22011GreatTree,,,,
41070,3,3001,2201501,Quest,1,Q22015_longer,만능 산고 사건부,이나즈마성에 「만능 산고 탐정소」라는 신비한 가게가 있는 듯하다…,산고 돕기,
41080,3,3001,2201801,Quest,1,Q22018_longer,만능 산고 사건부·적합한 신분,만능 산고 탐정소의 산고 아가씨가 맡은 사건에 대해 새로운 생각이 떠오른 듯하다…,산고 돕기,
41090,3,3001,2201901,Quest,1,Q22019Longer,만능 산고 사건부·사건 종결의 시간,이나즈마성의 연쇄 도난 사건이 마무리로 나아가고 있다,산고 돕기,
41100,3,3001,2202001,Quest,1,Q22020_longer,만능 산고 사건부·마무리 작업,만능 산고 탐정소의 류지가 무언가를 하려고 하는 듯하다…,류지 돕기,
41010,3,3001,2201001,Quest,0,Q3_22010_Junkichi,이 소설이… 그렇게 대단해?,「야에 출판사」의 편집자 시게루와 작가 쥰키치가 어떤 이유로 다투는 듯하다…,시게루와 쥰키치 돕기,
41020,3,3001,2201301,Quest,0,Q3_22010_Junkichi,이 소설… 문제 있는 건가?,「야에 출판사」의 편집자 시게루는 전례 없던 위기에 고민하고 있다…,시게루 돕기,
41030,3,3001,2201701,Quest,0,Q3_22010_Junkichi,이 소설… 어디서 본 것 같은데?,「야에 출판사」의 작가 쥰키치는 전례 없던 위기에 고민하고 있다…,쥰키치 돕기,
41110,3,3001,2202701,Quest,0,Q2202701xiangtai,신이시여, 저의 부름에 답해주소서!,쇼타라는 아이가 고민에 빠진 듯하다…,쇼타 돕기,
41120,3,3001,2202801,Quest,0,Q2202701xiangtai,감실아, 다시 한번 나타나 줘!,쇼타는 신의 대답을 받은 듯 감실이 다시 한번 나타나길 기대하고 있다…,쇼타 돕기,
41130,3,3001,2201401,Quest,1,Q72800_Zhuli,미식 어벤져스·획기적인 아이디어,「미식 어벤져스」의 리더 동욱이 고민에 빠진 듯하다…,동욱 돕기,
41140,3,3001,2202901,Quest,0,Q2202901NPC3060,반드시 정진해야만 하는 무예,아사쿠라라는 녀석이 무예를 단련시켜 줄 사람을 찾고 있는 듯하다…,아사쿠라 돕기,
41150,3,3001,2203101,Quest,0,Q2202901NPC3060,끝없는 수련,무기를 회수한 아사쿠라가 여전히 무예를 단련시켜 줄 사람을 찾고 있는 듯하다…,아사쿠라 돕기,
41160,3,3001,2202301,Quest,0,Q2202301NPC3022,고향의 맛,리월에서 온 학자 탕운이 고향에 대한 그리움 때문에 고민에 빠진 듯하다…,탕운 돕기,
41161,3,3001,2203201,Quest,0,Q2202301NPC3022,고향의 맛,리월에서 온 학자 탕운이 고향에 대한 그리움 때문에 고민에 빠진 듯하다…,탕운 돕기,
41162,3,3001,2203301,Quest,0,Q2202301NPC3022,고향의 맛,리월에서 온 학자 탕운이 고향에 대한 그리움 때문에 고민에 빠진 듯하다…,탕운 돕기,
41170,3,3001,2202501,Quest,1,Q2202301NPC3022,진짜 독특한 맛,이상한 음식을 먹은 탕운에게 식욕 부진 증상이 나타난 듯하다,진짜 독특한 음식,
41180,3,3001,2203401,Quest,1,Q22034Longer,만능 산고 사건부·수사 업무,만능 산고 탐정소의 류지가 도움이 필요한 듯하다…,류지 돕기,
41190,3,3001,2203501,Quest,1,Q22034Longer,만능 산고 사건부·이상한 행동,만능 산고 탐정소의 류지가 도움이 필요한 듯하다…,류지 돕기,
41200,3,3001,2202201,Quest,1,Q72800_Baerwanie,미식 어벤져스·미식 퀴즈,미식 어벤져스의 파르바나가 고민에 빠진 듯하다…,파르바나 돕기,
41210,3,3001,2202601,Quest,2,Q72800_Baerwanie,미식 어벤져스·식자재는 어디에?,미식 어벤져스의 줄리가 고민에 빠진 듯하다…,줄리 돕기,
41220,3,3001,2202101,Quest,1,Q72800_Baerwanie,미식 어벤져스·요리 대결,미식 어벤져스의 동욱이 팀원 카메이 무네히사와 요리 대결을 진행하려는 듯하다…,동욱 또는 카메이 무네히사를 도와 요리 대결에서 승리하기,
41230,3,3001,2203001,Quest,2,Q72800_Baerwanie,미식 어벤져스·요리의 극한,미식 어벤져스의 카메이 무네히사가 도움이 필요한 듯하다…,카메이 무네히사 돕기,
41240,3,3001,2203801,Quest,2,Q72800_Baerwanie,,,,
41250,3,3001,2203601,Quest,1,Q72800_Baerwanie,이나즈마 판매원,비료 가게 「짙푸른 소원」의 주인 바히드가 가게의 판매 업무 때문에 고민에 빠진 듯하다…,바히드,
41260,3,3001,2203701,Quest,1,Q72800_Baerwanie,애프터 서비스,비료 가게 「짙푸른 소원」의 주인 바히드가 고객의 컴플레인을 접수한 듯하다…,콘다 덴스케 돕기,
41270,3,3001,2203901,Quest,1,Q72800_Baerwanie,이나즈마 패션 입문기,「오구라의 가게」의 주인 오구라 미오가 고민에 빠진 듯하다…,오구라 미오 돕기,
41271,3,3001,2204001,Quest,1,Q72800_Baerwanie,이나즈마 패션 입문기,「오구라의 가게」의 주인 오구라 미오가 고민에 빠진 듯하다…,오구라 미오 돕기,
41290,3,3001,2204101,Quest,1,Q22041_QINZI,고양이의 흔적,아사세 신사 대리 궁사 「네코」에게 무슨 고민이 있는 듯하다…,「네코」 돕기,
41280,3,3001,2204201,Quest,1,Q22041_QINZI,생선의 맛,아사세 신사 대리 궁사 「네코」에게 무슨 고민이 있는 듯하다…,「네코」 돕기,
41300,3,3001,2204301,Quest,1,Q22043MAOMIGONGJIANG,고양이를 조각하는 법,아사세 신사의 오오시마 준페이에게 무슨 고민이 있는 듯하다…,오오시마 준페이 돕기,
41310,3,3001,2204401,Quest,1,Q22043MAOMIGONGJIANG,고양이를 꾸미는 법,아사세 신사의 오오시마 준페이에게 무슨 고민이 있는 듯하다…,오오시마 준페이 돕기,
41320,3,3001,2204501,Quest,1,Q22045_Dadao,고양이의 사진,아사세 신사의 오오시마 준페이가 나무 조각상의 일로 고민하고 있는 듯하다…,오오시마 준페이 돕기,
41350,3,3001,2204701,Quest,1,Q200917zhe,궁술 시범,와타츠미섬의 쇼우지가 자신의 미흡한 궁술 때문에 고민하고 있는 듯하다…,쇼우지 돕기,
41330,3,3001,2204601,Quest,1,Q22041_QINZI,신사 대청소,「아사세 신사 대리 궁사」 네코에게 무슨 고민이 있는 듯하다…,「네코」 돕기,
41331,3,3001,2204801,Quest,1,Q22041_QINZI,신사 대청소,「아사세 신사 대리 궁사」 네코에게 무슨 고민이 있는 듯하다…,「네코」 돕기,
41340,3,3001,2204901,Quest,1,Q12010_Yoimiya_Father_Inazuma_1_Pos,폭죽 체험 작전,나가노하라 폭죽가게에 새로운 폭죽이 나온 것 같다…,나가노하라 류노스케 돕기,
32270,4,3201,0,Scene,2,EVENT_32270,악의 확산,심연 메이지가 츄츄족에게 괴이한 의식을 진행하고 있다. 모든 마물을 처치하고 위협을 제거하자,모든 마물 처치하기,
32271,4,3201,0,Scene,2,EVENT_32271,악의 확산,심연 메이지가 츄츄족에게 괴이한 의식을 진행하고 있다. 모든 마물을 처치하고 위협을 제거하자,모든 마물 처치하기,
32272,4,3201,0,Scene,2,EVENT_32272,악의 확산,심연 메이지가 츄츄족에게 괴이한 의식을 진행하고 있다. 모든 마물을 처치하고 위협을 제거하자,모든 마물 처치하기,
32273,4,3201,0,Scene,2,EVENT_32273,악의 확산,심연 메이지가 츄츄족에게 괴이한 의식을 진행하고 있다. 모든 마물을 처치하고 위협을 제거하자,모든 마물 처치하기,
32274,4,3201,0,Scene,2,EVENT_32274,악의 확산,심연 메이지가 츄츄족에게 괴이한 의식을 진행하고 있다. 모든 마물을 처치하고 위협을 제거하자,모든 마물 처치하기,
32275,4,3201,0,Scene,2,EVENT_32275,악의 확산,심연 메이지가 츄츄족에게 괴이한 의식을 진행하고 있다. 모든 마물을 처치하고 위협을 제거하자,모든 마물 처치하기,
32250,4,3201,0,Scene,2,EVENT_32250,도둑질엔 이유가 없다,한 무리의 보물 사냥단이 보물을 빼앗기 위해 야외에 주둔하고 있다. 이 구역의 모든 보물 사냥단을 처치하자,모든 적 처치하기,
32251,4,3201,0,Scene,2,EVENT_32251,도둑질엔 이유가 없다,한 무리의 보물 사냥단이 보물을 빼앗기 위해 야외에 주둔하고 있다. 이 구역의 모든 보물 사냥단을 처치하자,모든 적 처치하기,
32290,4,3201,0,Scene,2,EVENT_32290,「집행관님을 위해!」,「집행관님을 위해….」 우인단이 모여서 뭔가 위험한 일을 꾸미고 있는 듯하다. 더 이상 그들을 날뛰게 할 순 없다!,모든 적 처치하기,
32291,4,3201,0,Scene,2,EVENT_32291,「집행관님을 위해!」,「집행관님을 위해….」 우인단이 모여서 뭔가 위험한 일을 꾸미고 있는 듯하다. 더 이상 그들을 날뛰게 할 순 없다!,모든 적 처치하기,
32292,4,3201,0,Scene,2,EVENT_32292,「집행관님을 위해!」,「집행관님을 위해….」 우인단이 모여서 뭔가 위험한 일을 꾸미고 있는 듯하다. 더 이상 그들을 날뛰게 할 순 없다!,모든 적 처치하기,
32293,4,3201,0,Scene,2,EVENT_32293,「집행관님을 위해!」,「집행관님을 위해….」 우인단이 모여서 뭔가 위험한 일을 꾸미고 있는 듯하다. 더 이상 그들을 날뛰게 할 순 없다!,모든 적 처치하기,
32260,4,3201,0,Scene,2,EVENT_32260,도금 여단의 완패,수상한 도금 여단이 야외에 나타나 주변 구역의 안전을 위협하고 있다. 어서 가서 처치하자,도금 여단 처치하기,
32261,4,3201,0,Scene,2,EVENT_32261,도금 여단의 완패,수상한 도금 여단이 야외에 나타나 주변 구역의 안전을 위협하고 있다. 어서 가서 처치하자,도금 여단 처치하기,
32262,4,3201,0,Scene,2,EVENT_32262,도금 여단의 완패,수상한 도금 여단이 야외에 나타나 주변 구역의 안전을 위협하고 있다. 어서 가서 처치하자,도금 여단 처치하기,
32263,4,3201,0,Scene,2,EVENT_32263,도금 여단의 완패,수상한 도금 여단이 야외에 나타나 주변 구역의 안전을 위협하고 있다. 어서 가서 처치하자,도금 여단 처치하기,
32264,4,3201,0,Scene,2,EVENT_32264,도금 여단의 완패,수상한 도금 여단이 야외에 나타나 주변 구역의 안전을 위협하고 있다. 어서 가서 처치하자,도금 여단 처치하기,
32265,4,3201,0,Scene,2,EVENT_32265,도금 여단의 완패,수상한 도금 여단이 야외에 나타나 주변 구역의 안전을 위협하고 있다. 어서 가서 처치하자,도금 여단 처치하기,
32266,4,3201,0,Scene,2,EVENT_32266,도금 여단의 완패,수상한 도금 여단이 야외에 나타나 주변 구역의 안전을 위협하고 있다. 어서 가서 처치하자,도금 여단 처치하기,
32267,4,3201,0,Scene,2,EVENT_32267,도금 여단의 완패,수상한 도금 여단이 야외에 나타나 주변 구역의 안전을 위협하고 있다. 어서 가서 처치하자,도금 여단 처치하기,
32268,4,3201,0,Scene,2,EVENT_32268,도금 여단의 완패,수상한 도금 여단이 야외에 나타나 주변 구역의 안전을 위협하고 있다. 어서 가서 처치하자,도금 여단 처치하기,
32269,4,3201,0,Scene,2,EVENT_32269,도금 여단의 완패,수상한 도금 여단이 야외에 나타나 주변 구역의 안전을 위협하고 있다. 어서 가서 처치하자,도금 여단 처치하기,
32440,4,3201,0,Scene,2,EVENT_32440,도금 여단의 완패,수상한 도금 여단이 야외에 나타나 주변 구역의 안전을 위협하고 있다. 어서 가서 처치하자,도금 여단 처치하기,
32280,4,3201,0,Scene,2,EVENT_32280,버섯은 참지 않아!,무척 화가 난 듯한 버섯몬 무리가 야외에 나타나 주변 구역의 안전을 위협하고 있다. 어서 가서 처치하자,버섯몬 처치하기,
32281,4,3201,0,Scene,2,EVENT_32281,버섯은 참지 않아!,무척 화가 난 듯한 버섯몬 무리가 야외에 나타나 주변 구역의 안전을 위협하고 있다. 어서 가서 처치하자,버섯몬 처치하기,
32282,4,3201,0,Scene,2,EVENT_32282,버섯은 참지 않아!,무척 화가 난 듯한 버섯몬 무리가 야외에 나타나 주변 구역의 안전을 위협하고 있다. 어서 가서 처치하자,버섯몬 처치하기,
32283,4,3201,0,Scene,2,EVENT_32283,버섯은 참지 않아!,무척 화가 난 듯한 버섯몬 무리가 야외에 나타나 주변 구역의 안전을 위협하고 있다. 어서 가서 처치하자,버섯몬 처치하기,
32284,4,3201,0,Scene,2,EVENT_32284,버섯은 참지 않아!,무척 화가 난 듯한 버섯몬 무리가 야외에 나타나 주변 구역의 안전을 위협하고 있다. 어서 가서 처치하자,버섯몬 처치하기,
32285,4,3201,0,Scene,2,EVENT_32285,버섯은 참지 않아!,무척 화가 난 듯한 버섯몬 무리가 야외에 나타나 주변 구역의 안전을 위협하고 있다. 어서 가서 처치하자,버섯몬 처치하기,
32286,4,3201,0,Scene,2,EVENT_32286,버섯은 참지 않아!,무척 화가 난 듯한 버섯몬 무리가 야외에 나타나 주변 구역의 안전을 위협하고 있다. 어서 가서 처치하자,버섯몬 처치하기,
32300,4,3201,0,Scene,2,EVENT_32300,위험한 등반,츄츄족이 야외에 감시탑을 설치했다. 감시탑을 완전히 파괴하자,츄츄족 감시탑 파괴,
32301,4,3201,0,Scene,2,EVENT_32301,위험한 등반,츄츄족이 야외에 감시탑을 설치했다. 감시탑을 완전히 파괴하자,츄츄족 감시탑 파괴,
32302,4,3201,0,Scene,2,EVENT_32302,위험한 등반,츄츄족이 야외에 감시탑을 설치했다. 감시탑을 완전히 파괴하자,츄츄족 감시탑 파괴,
32303,4,3201,0,Scene,2,EVENT_32303,위험한 등반,츄츄족이 야외에 감시탑을 설치했다. 감시탑을 완전히 파괴하자,츄츄족 감시탑 파괴,
32304,4,3201,0,Scene,2,EVENT_32304,위험한 등반,츄츄족이 야외에 감시탑을 설치했다. 감시탑을 완전히 파괴하자,츄츄족 감시탑 파괴,
32305,4,3201,0,Scene,2,EVENT_32305,위험한 등반,츄츄족이 야외에 감시탑을 설치했다. 감시탑을 완전히 파괴하자,츄츄족 감시탑 파괴,
32306,4,3201,0,Scene,2,EVENT_32306,위험한 등반,츄츄족이 야외에 감시탑을 설치했다. 감시탑을 완전히 파괴하자,츄츄족 감시탑 파괴,
32307,4,3201,0,Scene,2,EVENT_32307,위험한 등반,츄츄족이 야외에 감시탑을 설치했다. 감시탑을 완전히 파괴하자,츄츄족 감시탑 파괴,
32308,4,3201,0,Scene,2,EVENT_32308,위험한 등반,츄츄족이 야외에 감시탑을 설치했다. 감시탑을 완전히 파괴하자,츄츄족 감시탑 파괴,
32309,4,3201,0,Scene,2,EVENT_32309,위험한 등반,츄츄족이 야외에 감시탑을 설치했다. 감시탑을 완전히 파괴하자,츄츄족 감시탑 파괴,
32420,4,3201,0,Scene,2,EVENT_32420,위험한 등반,츄츄족이 야외에 감시탑을 설치했다. 감시탑을 완전히 파괴하자,츄츄족 감시탑 파괴,
32310,4,3201,0,Scene,2,EVENT_32310,위난 속의 임무,유난히 강력한 유적 드레이크가 야외에 나타나 주변 구역의 안전을 위협하고 있다. 어서 처치하고 위협을 제거하자,유적 드레이크 처치하기,
32311,4,3201,0,Scene,2,EVENT_32311,위난 속의 임무,유난히 강력한 유적 드레이크가 야외에 나타나 주변 구역의 안전을 위협하고 있다. 어서 처치하고 위협을 제거하자,유적 드레이크 처치하기,
32312,4,3201,0,Scene,2,EVENT_32312,위난 속의 임무,수상한 도금 여단이 야외에 나타나 주변 구역의 안전을 위협하고 있다. 어서 가서 처치하자,도금 여단 처치하기,
32313,4,3201,0,Scene,2,EVENT_32313,위난 속의 임무,유난히 강력한 유적 드레이크가 야외에 나타나 주변 구역의 안전을 위협하고 있다. 어서 처치하고 위협을 제거하자,유적 드레이크 처치하기,
32314,4,3201,0,Scene,2,EVENT_32314,위난 속의 임무,무척 화가 난 버섯몬 무리가 야외에 나타나 주변 구역의 안전을 위협하고 있다. 어서 가서 처치하자,버섯몬 처치하기,
32315,4,3201,0,Scene,2,EVENT_32315,위난 속의 임무,수상한 도금 여단이 야외에 나타나 주변 구역의 안전을 위협하고 있다. 어서 가서 처치하자,도금 여단 처치하기,
32316,4,3201,0,Scene,2,EVENT_32316,위난 속의 임무,유난히 강력한 유적 드레이크가 야외에 나타나 주변 구역의 안전을 위협하고 있다. 어서 처치하고 위협을 제거하자,유적 드레이크 처치하기,
32317,4,3201,0,Scene,2,EVENT_32317,위난 속의 임무,무척 화가 난 버섯몬 무리가 야외에 나타나 주변 구역의 안전을 위협하고 있다. 어서 가서 처치하자,버섯몬 처치하기,
32318,4,3201,0,Scene,2,EVENT_32318,위난 속의 임무,유난히 강력한 유적 드레이크가 야외에 나타나 주변 구역의 안전을 위협하고 있다. 어서 처치하고 위협을 제거하자,유적 드레이크 처치하기,
32319,4,3201,0,Scene,2,EVENT_32319,위난 속의 임무,수상한 도금 여단이 야외에 나타나 주변 구역의 안전을 위협하고 있다. 어서 가서 처치하자,도금 여단 처치하기,
32390,4,3201,0,Scene,2,EVENT_32390,위난 속의 임무,무척 화가 난 버섯몬 무리가 야외에 나타나 주변 구역의 안전을 위협하고 있다. 어서 가서 처치하자,버섯몬 처치하기,
32391,4,3201,0,Scene,2,EVENT_32391,위난 속의 임무,무척 화가 난 버섯몬 무리가 야외에 나타나 주변 구역의 안전을 위협하고 있다. 어서 가서 처치하자,버섯몬 처치하기,
32392,4,3201,0,Scene,2,EVENT_32392,위난 속의 임무,유난히 강력한 유적 드레이크가 야외에 나타나 주변 구역의 안전을 위협하고 있다. 어서 처치하고 위협을 제거하자,유적 드레이크 처치하기,
32393,4,3201,0,Scene,2,EVENT_32393,위난 속의 임무,유난히 강력한 유적 드레이크가 야외에 나타나 주변 구역의 안전을 위협하고 있다. 어서 처치하고 위협을 제거하자,유적 드레이크 처치하기,
32394,4,3201,0,Scene,2,EVENT_32394,위난 속의 임무,유난히 강력한 유적 드레이크가 야외에 나타나 주변 구역의 안전을 위협하고 있다. 어서 처치하고 위협을 제거하자,유적 드레이크 처치하기,
32395,4,3201,0,Scene,2,EVENT_32395,위난 속의 임무,수상한 도금 여단이 야외에 나타나 주변 구역의 안전을 위협하고 있다. 어서 가서 처치하자,도금 여단 처치하기,
32396,4,3201,0,Scene,2,EVENT_32396,위난 속의 임무,수상한 도금 여단이 야외에 나타나 주변 구역의 안전을 위협하고 있다. 어서 가서 처치하자,도금 여단 처치하기,
32340,4,3203,0,Scene,2,EVENT_32340,빠른 처치,수상한 녀석들이 야외에 나타나 주변 구역의 안전을 위협하고 있다. 어서 처치하자,타임어택 도전 완료하기,
32341,4,3203,0,Scene,2,EVENT_32341,빠른 처치,수상한 녀석들이 야외에 나타나 주변 구역의 안전을 위협하고 있다. 어서 처치하자,타임어택 도전 완료하기,
32342,4,3203,0,Scene,2,EVENT_32342,빠른 처치,수상한 녀석들이 야외에 나타나 주변 구역의 안전을 위협하고 있다. 어서 처치하자,타임어택 도전 완료하기,
32343,4,3203,0,Scene,2,EVENT_32343,빠른 처치,수상한 녀석들이 야외에 나타나 주변 구역의 안전을 위협하고 있다. 어서 처치하자,타임어택 도전 완료하기,
32344,4,3203,0,Scene,2,EVENT_32344,빠른 처치,수상한 녀석들이 야외에 나타나 주변 구역의 안전을 위협하고 있다. 어서 처치하자,타임어택 도전 완료하기,
32345,4,3203,0,Scene,2,EVENT_32345,빠른 처치,수상한 녀석들이 야외에 나타나 주변 구역의 안전을 위협하고 있다. 어서 처치하자,타임어택 도전 완료하기,
32346,4,3203,0,Scene,2,EVENT_32346,빠른 처치,수상한 녀석들이 야외에 나타나 주변 구역의 안전을 위협하고 있다. 어서 처치하자,타임어택 도전 완료하기,
32347,4,3203,0,Scene,2,EVENT_32347,빠른 처치,수상한 녀석들이 야외에 나타나 주변 구역의 안전을 위협하고 있다. 어서 처치하자,타임어택 도전 완료하기,
32348,4,3203,0,Scene,2,EVENT_32348,빠른 처치,수상한 녀석들이 야외에 나타나 주변 구역의 안전을 위협하고 있다. 어서 처치하자,타임어택 도전 완료하기,
32349,4,3203,0,Scene,2,EVENT_32349,빠른 처치,수상한 녀석들이 야외에 나타나 주변 구역의 안전을 위협하고 있다. 어서 처치하자,타임어택 도전 완료하기,
32380,4,3203,0,Scene,2,EVENT_32380,빠른 처치,수상한 녀석들이 야외에 나타나 주변 구역의 안전을 위협하고 있다. 어서 처치하자,타임어택 도전 완료하기,
32381,4,3203,0,Scene,2,EVENT_32381,빠른 처치,수상한 녀석들이 야외에 나타나 주변 구역의 안전을 위협하고 있다. 어서 처치하자,타임어택 도전 완료하기,
32382,4,3203,0,Scene,2,EVENT_32382,빠른 처치,수상한 녀석들이 야외에 나타나 주변 구역의 안전을 위협하고 있다. 어서 처치하자,타임어택 도전 완료하기,
32383,4,3203,0,Scene,2,EVENT_32383,빠른 처치,수상한 녀석들이 야외에 나타나 주변 구역의 안전을 위협하고 있다. 어서 처치하자,타임어택 도전 완료하기,
32384,4,3203,0,Scene,2,EVENT_32384,빠른 처치,수상한 녀석들이 야외에 나타나 주변 구역의 안전을 위협하고 있다. 어서 처치하자,타임어택 도전 완료하기,
32320,4,3203,0,Scene,2,EVENT_32320,난공불락,모든 적을 처치하고 지맥 제압석을 보호하자,지맥 제압석 수호 도전 완료하기,
32321,4,3203,0,Scene,2,EVENT_32321,난공불락,모든 적을 처치하고 지맥 제압석을 보호하자,지맥 제압석 수호 도전 완료하기,
32322,4,3203,0,Scene,2,EVENT_32322,난공불락,모든 적을 처치하고 지맥 제압석을 보호하자,지맥 제압석 수호 도전 완료하기,
32323,4,3203,0,Scene,2,EVENT_32323,난공불락,모든 적을 처치하고 지맥 제압석을 보호하자,지맥 제압석 수호 도전 완료하기,
32324,4,3203,0,Scene,2,EVENT_32324,난공불락,모든 적을 처치하고 지맥 제압석을 보호하자,지맥 제압석 수호 도전 완료하기,
32325,4,3203,0,Scene,2,EVENT_32325,난공불락,모든 적을 처치하고 지맥 제압석을 지키자,지맥 제압석 수호 도전 완료,
32370,4,3204,0,Scene,2,EVENT_32370,망치 없이 버섯 두드리기,야외에 이상한 버섯 몇 마리가 갑자기 출현했다. 녀석들을 공격하면 무슨 일이 발생할까…,버섯 잡기 도전 완료하기,
32371,4,3204,0,Scene,2,EVENT_32371,망치 없이 버섯 두드리기,야외에 이상한 버섯 몇 마리가 갑자기 출현했다. 녀석들을 공격하면 무슨 일이 발생할까…,버섯 잡기 도전 완료하기,
32372,4,3204,0,Scene,2,EVENT_32372,망치 없이 버섯 두드리기,야외에 이상한 버섯 몇 마리가 갑자기 출현했다. 녀석들을 공격하면 무슨 일이 발생할까…,버섯 잡기 도전 완료하기,
32373,4,3204,0,Scene,2,EVENT_32373,망치 없이 버섯 두드리기,야외에 이상한 버섯 몇 마리가 갑자기 출현했다. 녀석들을 공격하면 무슨 일이 발생할까…,버섯 잡기 도전 완료하기,
32374,4,3204,0,Scene,2,EVENT_32374,망치 없이 버섯 두드리기,야외에 이상한 버섯 몇 마리가 갑자기 출현했다. 녀석들을 공격하면 무슨 일이 발생할까…,버섯 잡기 도전 완료하기,
32375,4,3204,0,Scene,2,EVENT_32375,망치 없이 버섯 두드리기,야외에 이상한 버섯 몇 마리가 갑자기 출현했다. 녀석들을 공격하면 무슨 일이 발생할까…,버섯 잡기 도전 완료하기,
32376,4,3204,0,Scene,2,EVENT_32376,망치 없이 버섯 두드리기,야외에 이상한 버섯 몇 마리가 갑자기 출현했다. 녀석들을 공격하면 무슨 일이 발생할까…,버섯 잡기 도전 완료하기,
32360,4,3204,0,Scene,2,EVENT_32360,버섯 탄력 측정,이상한 버섯들이 야외에 나타났다. 이 버섯들은 뛰어난 탄력을 지닌 듯한데…,연속 점프 도전 완료하기,
32361,4,3204,0,Scene,2,EVENT_32361,버섯 탄력 측정,이상한 버섯들이 야외에 나타났다. 이 버섯들은 뛰어난 탄력을 지닌 듯한데…,연속 점프 도전 완료하기,
32362,4,3204,0,Scene,2,EVENT_32362,버섯 탄력 측정,이상한 버섯들이 야외에 나타났다. 이 버섯들은 뛰어난 탄력을 지닌 듯한데…,연속 점프 도전 완료하기,
32363,4,3204,0,Scene,2,EVENT_32363,버섯 탄력 측정,이상한 버섯들이 야외에 나타났다. 이 버섯들은 뛰어난 탄력을 지닌 듯한데…,연속 점프 도전 완료하기,
32364,4,3204,0,Scene,2,EVENT_32364,버섯 탄력 측정,이상한 버섯들이 야외에 나타났다. 이 버섯들은 뛰어난 탄력을 지닌 듯한데…,연속 점프 도전 완료하기,
32365,4,3204,0,Scene,2,EVENT_32365,버섯 탄력 측정,이상한 버섯들이 야외에 나타났다. 이 버섯들은 뛰어난 탄력을 지닌 듯한데…,연속 점프 도전 완료하기,
32366,4,3204,0,Scene,2,EVENT_32366,버섯 탄력 측정,이상한 버섯들이 야외에 나타났다. 이 버섯들은 뛰어난 탄력을 지닌 듯한데…,연속 점프 도전 완료하기,
32410,4,3204,0,Scene,2,EVENT_32410,야, 나와!,「보물 사냥 족제비」 한 마리가 야외에서 굴을 파고 있다. 뭔가 건수를 준비하는 것 같은데… 어서 막도록 하자,보물 사냥 족제비 쫓아내기,
32411,4,3204,0,Scene,2,EVENT_32411,야, 나와!,「보물 사냥 족제비」 한 마리가 야외에서 소굴을 파고 있다. 어떤 절도 계획을 준비하는 것 같은데… 어서 막도록 하자,보물 사냥 족제비 쫓아내기,
32412,4,3204,0,Scene,2,EVENT_32412,야, 나와!,「보물 사냥 족제비」 한 마리가 야외에서 소굴을 파고 있다. 어떤 절도 계획을 준비하는 것 같은데… 어서 막도록 하자,보물 사냥 족제비 쫓아내기,
32413,4,3204,0,Scene,2,EVENT_32413,야, 나와!,「보물 사냥 족제비」 한 마리가 야외에서 소굴을 파고 있다. 어떤 절도 계획을 준비하는 것 같은데… 어서 막도록 하자,보물 사냥 족제비 쫓아내기,
32414,4,3204,0,Scene,2,EVENT_32414,야, 나와!,「보물 사냥 족제비」 한 마리가 야외에서 소굴을 파고 있다. 어떤 절도 계획을 준비하는 것 같은데… 어서 막도록 하자,보물 사냥 족제비 쫓아내기,
32350,4,3205,0,Scene,2,EVENT_32350,떠도는 빛의 출현,이상한 떠도는 불빛이 야외에 나타났다. 이 빛을 따라가면 의외의 수확이 있을지도…,떠도는 빛 추적 도전 완료하기,
32351,4,3205,0,Scene,2,EVENT_32351,떠도는 빛의 출현,이상한 떠도는 불빛이 야외에 나타났다. 이 빛을 따라가면 의외의 수확이 있을지도…,떠도는 빛 추적 도전 완료하기,
32352,4,3205,0,Scene,2,EVENT_32352,떠도는 빛의 출현,이상한 떠도는 불빛이 야외에 나타났다. 이 빛을 따라가면 의외의 수확이 있을지도…,떠도는 빛 추적 도전 완료하기,
32353,4,3205,0,Scene,2,EVENT_32353,떠도는 빛의 출현,이상한 떠도는 불빛이 야외에 나타났다. 이 빛을 따라가면 의외의 수확이 있을지도…,떠도는 빛 추적 도전 완료하기,
32354,4,3205,0,Scene,2,EVENT_32354,떠도는 빛의 출현,이상한 떠도는 불빛이 야외에 나타났다. 이 빛을 따라가면 의외의 수확이 있을지도…,떠도는 빛 추적 도전 완료하기,
32400,4,3205,0,Scene,2,EVENT_32400,빠른 깃털의 추적,제한 시간 안에 결승점에 도착해야 한다,제한 시간 안에 결승점에 도착하기,
32401,4,3205,0,Scene,2,EVENT_32401,빠른 깃털의 추적,제한 시간 안에 결승점에 도착해야 한다,제한 시간 안에 결승점에 도착하기,
32402,4,3205,0,Scene,2,EVENT_32402,빠른 깃털의 추적,제한 시간 안에 결승점에 도착해야 한다,제한 시간 안에 결승점에 도착하기,
32403,4,3205,0,Scene,2,EVENT_32403,빠른 깃털의 추적,제한 시간 안에 결승점에 도착해야 한다,제한 시간 안에 결승점에 도착하기,
32430,4,3205,0,Scene,2,EVENT_32430,덩굴풀 수집가,제한 시간 내에 모든 「풀」 원소 입자를 수집하자,모든 「풀」 원소 입자를 수집하기,
32431,4,3205,0,Scene,2,EVENT_32431,덩굴풀 수집가,제한 시간 내에 모든 「풀」 원소 입자를 수집하자,모든 「풀」 원소 입자를 수집하기,
42250,4,4001,2300201,Quest,1,Q2300201_N3066,타향으로 향한 어용,이나즈마에서 온 「원국어용」이 열심히 일하고 있다…,함베이 돕기,
42010,4,4001,2301004,Quest,1,Q300406_guide,음식과 학문,미식을 사랑하는 학자 자파는 오늘도 「먹을 것」을 연구하고 있다…,자파 돕기,
42070,4,4001,2300601,Quest,1,Q23006_01_KAZHASHAN,청결과 건강,「비마르스탄」의 골샨이 병원의 위생 상태 때문에 고민에 빠져있다…,골샨 돕기,
42060,4,4001,2301801,Quest,1,Q23018_ZHAKALIYA,의사의 처방,「비마르스탄」의 자카리야가 환자들 때문에 고심하고 있다…,자카리야 돕기,
42160,4,4001,2302301,Quest,1,Q23023_GUERGENG,피지 않는 꽃,약초를 재배하는 바르단과 구르겐 부자가 고민에 빠진 것 같다…,바르단과 구르겐 돕기,
42300,4,4001,2302401,Quest,1,Q23023_GUERGENG,꽃이 필 때,바르단과 구르겐의 수메르 장미가 곧 꽃을 피울 것 같다…,바르단과 구르겐 돕기,
42290,4,4001,2302501,Quest,1,Q2302503_N4087,세계를 측량하는 사람!,「세계 측량」을 원하는 학자가 연구 정체기에 빠진 것 같다…,파르가니 돕기,
42020,4,4001,2301301,Quest,1,Q2301301_N20657,가르시아의 찬가·핵심 물품,가르시아와 루통에게 고민이 있는 듯하다…,가르시아 돕기,
42021,4,4001,2301401,Quest,1,Q2301401_N20657,가르시아의 찬가·대체품,가르시아가 또 난제에 부딪힌 듯하다…,가르시아 돕기,
42022,4,4001,2301501,Quest,1,Q2301501_N20657,가르시아의 찬가·베어링 위에,가르시아가 아한가르와 다투고 있는 듯하다…,가르시아 돕기,
42023,4,4001,2301601,Quest,1,Q2301601_N20657,가르시아의 찬가·식은 죽 먹기,가르시아가 대장간에서 땀을 뻘뻘 흘리고 있는 듯하다…,가르시아 돕기,
42024,4,4001,2301701,Quest,1,Q2301701_N20657,가르시아의 찬가·누군가의 메아리,가르시아 곁에 사람이 한 명 늘어난 것 같다…,가르시아 돕기,
42030,4,4001,2302701,Quest,1,Q2302701_N4178,큰 나무,야스민이라는 학생이 눈앞의 「신성한 나무」의 상태를 무척이나 걱정하는 듯하다…,야스민 돕기,
42031,4,4001,2302801,Quest,1,Q2302801_N4178,큰 나무·뿌리 상태,야스민이 뭔가 준비하고 있는 것 같다…,야스민 돕기,
42032,4,4001,2302901,Quest,1,Q2302901_N4178,큰 나무·성장 상태,야스민이 뭔가를 하려고 준비하는 듯하다…,야스민 돕기,
42040,4,4001,2303001,Quest,1,Q2303001_N12688,큰 나무·통계 상태,거대한 나무뿌리 옆에서 두 사람이 말다툼을 하고 있다…,라데프 돕기,
42050,4,4001,2301201,Quest,1,Q2301201_N4136,야옹…야옹야옹? 야옹! 야옹,사레가 고양이 때문에 고민에 잠긴 것 같다…,사레 돕기,
42230,4,4001,2300401,Quest,1,Q2300401_N4171,애완용 뱀 프로젝트,뱀 곡예사 굴랍기르에게 곤란한 일이 생긴 것 같다…,굴랍기르 도와주기,
42240,4,4001,2301901,Quest,1,Q2301901_GUIDE,문제의 전환,라픽이 배의 설계 문제로 고민하는 것 같다…,라픽 도와주기,
42241,4,4001,2302001,Quest,1,Q2302001_GUIDE,문제의 전환·이론상의 강도,라픽의 설계가 막판 스퍼트 단계에 진입했다…,라픽 도와주기,
42242,4,4001,2302101,Quest,1,Q2302101_GUIDE,문제의 전환·적재 문제,마침내 라픽의 설계를 검증할 시간이다…,라픽 도와주기,
42243,4,4001,2302201,Quest,1,Q2302001_GUIDE,문제의 전환·핵심은 무엇인가?,라픽은 이전의 테스트를 통해 몇 가지 결론을 도출했다…,라픽 도와주기,
42260,4,4001,2303201,Quest,1,Q2303201_N1517,한 번 더 등가 교환!,수메르성에서 익숙한 그림자를 발견했다…,빅토르 돕기,
42170,4,4001,2300101,Quest,1,Q2300101_N4004,황금 요리와 재물운,칼리미의 부자 하팀에게 무슨 고민이 있는 것 같다…,하팀 돕기,
42180,4,4001,2300301,Quest,1,Q2300101_N4004,황금 요리와 재물운,하팀이 선물 거래를 하는 날이 되었다. 그에게 어떤 수확이 있을까?,하팀 돕기,
42190,4,4001,2300501,Quest,1,Q2300101_N4004,황금 요리와 재물운,하팀이 선물 거래를 하는 날이 되었다. 그에게 어떤 수확이 있을까?,하팀 돕기,
42280,4,4001,2300701,Quest,1,Q2300701_N4016,젤리 진흙,수메르성의 아킴이 평소 사용하던 진흙 재료에 관해 새로운 아이디어를 얻은 듯하다…,아킴 돕기,
42310,4,4001,2300801,Quest,1,Q2300701_N4016,젤리 진흙,수차례의 도전과 연구를 통해 아킴이 드디어 새로운 발전을 이뤄낸 것 같다…,아킴 돕기,
42320,4,4001,2300901,Quest,1,Q2300701_N4016,젤리 진흙의 다른 용도,아킴에게 무슨 고민이 있는 듯하다…,아킴 돕기,
42200,4,4001,2303101,Quest,1,Q23031_N4163,낚싯바늘 끝의 절경?,낚시꾼 케이반이 어떤 목표를 위해 꾸준히 노력하는 것 같다…,케이반 돕기,
42220,4,4001,2303601,Quest,1,Q2303601_N4163,낚싯바늘 끝의 기묘한 시간,낚시꾼 케이반과 호베트가 어떤 일 때문에 바쁜 듯하다…,케이반 돕기,
42090,4,4001,2300001,Quest,1,Q2300001_N4003,1001잔의 커피,푸스파 커피숍의 마다흐가 새롭게 들려줄 이야기가 없어 고민하는 것 같다…,마다흐 돕기,
42261,4,4001,2301101,Quest,1,Q2303201_N1517,한 번 더 등가 교환!,수메르성에서 익숙한 그림자를 발견했다…,빅토르 돕기,
42080,4,4001,2302601,Quest,1,Q2302601_N4083,아카데미아 문답지,수메르 학자 지르얍이 여행자에게 관심이 있는 듯하다…,답변하기,
42140,4,4001,2303311,Quest,1,Q2303301_N12717,《소환왕》,수메르에서 소재를 찾고 있는 소설가와 마주쳤다…,후쿠모토 돕기,
42330,4,4001,2303901,Quest,1,Q23039_BoyA,달려라, 힐미,아이들의 뜨겁고 초조한 눈빛이 느껴진다…,힐미 도와주기,
42340,4,4001,2303701,Quest,1,Q2303701_N4412,좋은 약은 구하기 힘들다,아루 마을의 마루프에게 골치 아픈 일이 생긴 것 같다…,마루프 도와주기,
42350,4,4001,2303801,Quest,1,Q2303702_N4071,좋은 약은 만들기 힘들다,자카리야에게 걱정거리가 생긴 것 같다…,자카리야 돕기,
42360,4,4001,2304101,Quest,1,Q73233_N4405,모래 속 꽃,네르민은 그 화분을 열심히 돌보는 중이다…,네르민 돕기,
42361,4,4001,2304201,Quest,1,Q73233_N4405,모래 위 꽃·잔향,네르민이 또 뭔가를 연구하고 있는 것 같다…,네르민 돕기,
42370,4,4001,2304001,Quest,1,Q2304002_N4421,창고에 관한 일,아루 마을의 나자트에게 골치 아픈 일이 생긴 것 같다…,나자트 도와주기,
42380,4,4001,2304306,Quest,1,Q301906_N1058_T301906,가격 비교,아루 마을의 아잘라이가 물품 문제로 고민하고 있는 것 같다…,아잘라이 돕기,
43010,5,5001,2400001,Quest,1,Q2400001_N13342,폰타인성의 사소한 이야기,멜모니아궁의 리브르에게 무슨 고민이 있는 듯하다…,리브르 도와주기,
43020,5,5001,2400101,Quest,1,Q2400101_N5144,폰타인성의 사소한 이야기,스탈에게 곤란한 일이 생긴 것 같다…,스탈 도와주기,
43030,5,5001,2400201,Quest,1,Q2400202_N5045,폰타인성의 사소한 이야기,폰타인의 이사도라에게 골치 아픈 일이 생긴 것 같다…,이사도라 도와주기,
43040,5,5001,2400901,Quest,1,QArtist01_guide,심미 비평·미학 원리 비판,화가 드피에리스가 요즘 기분이 좋지 않은 것 같다…,드피에리스 도와주기,
43050,5,5001,2401001,Quest,1,QArtist01_guide,심미 비평·실천 창작 비판,화가 드피에리스에게 또 새로운 영감이 떠오른 것 같다…,드피에리스 도와주기,
43060,5,5001,2401508,Quest,1,QArtist01_guide,심미 비평·자아 비판,화가 드피에리스에게 또 곤란한 일이 생긴 것 같다…,드피에리스 도와주기,
43070,5,5001,2400801,Quest,1,Q2400802_N5083,휴식 시간,로이알트가 즐겁게 낚시를 하고 있다…,로이알트 도와주기,
43080,5,5001,2401701,Quest,1,Q2401701_N5142,잠수하는 나날,폰타인의 잠수부 이브가 어떤 일로 바쁜 듯하다…,이브 도와주기,
43090,5,5001,2402001,Quest,1,Q2401701_N5142,잠수하는 나날,폰타인의 잠수부 이브가 어떤 일로 바쁜 듯하다…,이브 도와주기,
43100,5,5001,2401801,Quest,1,Q2401801_N5085,또 다른 일,세멘에게 무슨 고민이 있는 듯하다…,세멘 도와주기,
43110,5,5001,2400301,Quest,1,Q2400301_guide,그들의 어린 시절,「잿빛의 강」에서 놀이를 하고 있는 듯한 두 아이를 만났다…,오렐, 베루와 함께 놀아주기,
43120,5,5001,2400401,Quest,1,Q2400401_guide,그들의 어린 시절·기다리지 않는 시간,폰타인성에서 다시 한번 오렐과 베루와 마주쳤다. 또 무슨 놀이를 하고 있는 것 같다…,오렐, 베루와 함께 놀아주기,
43130,5,5001,2400501,Quest,1,Q2400501_N5062,그들의 어린 시절·도시 여행기,폰타인성에서 또다시 오렐과 베루, 로위와 마주쳤다. 하지만 이번에는 놀고 있지 않은 것 같다…,아이들과 함께하기,
43140,5,5001,2400601,Quest,1,Q2400601_guide,그들의 어린 시절·좋은 나날,오렐과 베루, 로위가 또 무슨 놀이를 하고 있는 것 같다…,아이들과 함께 놀기,
43150,5,5001,2400701,Quest,1,Q2400701_guide,그들의 어린 시절·어떤 단락,베루와 로위가 또 무슨 놀이를 하고 있는 것 같다. 그런데 오렐의 모습이 보이지 않는다…,베루와 로위 도와주기,
43160,5,5001,2401201,Quest,1,Q2401201_N5053,어쨌든 한잔해,카페 사장 아루에가 바빠 보인다…,아루에 도와주기,
43161,5,5001,2401301,Quest,1,Q2401301_N5084,힘내요, 윤,윤이 카페에서 한숨을 쉬고 있다…,윤 도와주기,
43170,5,5001,2401101,Quest,1,Q2401101_N5084,일의 의미란…?,윤이 우울한 얼굴로 감자튀김을 먹고 있다…,윤 도와주기,
43171,5,5001,2401901,Quest,1,Q2401901_N5084,삶의 의미란…?,윤이 식사 장소를 바꾼 듯하다…,윤 도와주기,
43180,5,5001,2401401,Quest,1,Q2401401_NPC,물고기는 알고 있다,여기자 리노레아에게 무슨 고민이 있는 듯하다…,리노레아 도와주기,
32500,5,3304,0,Scene,2,EVENT_32500,위난 속의 임무,균열계 원형체가 야외에 나타나 주변 구역의 안전을 위협하고 있다. 어서 처치하자,균열계 원형체 처치하기,
32501,5,3304,0,Scene,2,EVENT_32501,위난 속의 임무,갓 태어난 탁한 물의 환령이 야외에 나타나 주변 구역의 안전을 위협하고 있다. 어서 처치하자,갓 태어난 탁한 물의 환령 처치하기,
32502,5,3304,0,Scene,2,EVENT_32502,위난 속의 임무,갓 태어난 탁한 물의 환령이 야외에 나타나 주변 구역의 안전을 위협하고 있다. 어서 처치하자,갓 태어난 탁한 물의 환령 처치하기,
32503,5,3302,0,Scene,2,EVENT_32503,위난 속의 임무,태엽 장치가 야외에 나타나 주변 구역의 안전을 위협하고 있다. 어서 처치하자,태엽 장치 처치하기,
32504,5,3302,0,Scene,2,EVENT_32504,위난 속의 임무,태엽 장치가 야외에 나타나 주변 구역의 안전을 위협하고 있다. 어서 처치하자,태엽 장치 처치하기,
32505,5,3302,0,Scene,2,EVENT_32505,위난 속의 임무,태엽 장치가 야외에 나타나 주변 구역의 안전을 위협하고 있다. 어서 처치하자,태엽 장치 처치하기,
32506,5,3304,0,Scene,2,EVENT_32506,위난 속의 임무,균열계 원형체가 야외에 나타나 주변 구역의 안전을 위협하고 있다. 어서 처치하자,균열계 원형체 처치하기,
32450,5,3301,0,Scene,2,EVENT_32450,도둑질엔 이유가 없다,한 무리의 보물 사냥단이 보물을 빼앗기 위해 야외에 주둔하고 있다. 이 구역의 모든 보물 사냥단을 처치하자,모든 적 처치하기,
32451,5,3301,0,Scene,2,EVENT_32451,도둑질엔 이유가 없다,한 무리의 보물 사냥단이 보물을 빼앗기 위해 야외에 주둔하고 있다. 이 구역의 모든 보물 사냥단을 처치하자,모든 적 처치하기,
32452,5,3301,0,Scene,2,EVENT_32452,도둑질엔 이유가 없다,한 무리의 보물 사냥단이 보물을 빼앗기 위해 야외에 주둔하고 있다. 이 구역의 모든 보물 사냥단을 처치하자,모든 적 처치하기,
32480,5,3301,0,Scene,2,EVENT_32480,악의 확산,심연 메이지가 츄츄족에게 괴이한 의식을 진행하고 있다. 모든 마물을 처치하고 위협을 제거하자,모든 마물 처치하기,
32481,5,3301,0,Scene,2,EVENT_32481,악의 확산,심연 메이지가 츄츄족에게 괴이한 의식을 진행하고 있다. 모든 마물을 처치하고 위협을 제거하자,모든 마물 처치하기,
32482,5,3301,0,Scene,2,EVENT_32482,악의 확산,심연 메이지가 츄츄족에게 괴이한 의식을 진행하고 있다. 모든 마물을 처치하고 위협을 제거하자,모든 마물 처치하기,
32460,5,3301,0,Scene,2,EVENT_32460,규정 위반,폭주 태엽 장치가 행인들을 위협하고 있다. 이 구역을 정리하고 모든 폭주 태엽 장치를 처치하자,모든 폭주 태엽 장치 처치하기,
32461,5,3301,0,Scene,2,EVENT_32461,규정 위반,폭주 태엽 장치가 행인들을 위협하고 있다. 이 구역을 정리하고 모든 폭주 태엽 장치를 처치하자,모든 폭주 태엽 장치 처치하기,
32462,5,3301,0,Scene,2,EVENT_32462,규정 위반,폭주 태엽 장치가 행인들을 위협하고 있다. 이 구역을 정리하고 모든 폭주 태엽 장치를 처치하자,모든 폭주 태엽 장치 처치하기,
32470,5,3301,0,Scene,2,EVENT_32470,「집행관님을 위해!」,「집행관님을 위해…」 우인단이 모여서 뭔가 위험한 일을 꾸미고 있는 듯하다. 더 이상 그들을 날뛰게 할 순 없다!,모든 적 처치하기,
32471,5,3301,0,Scene,2,EVENT_32471,「집행관님을 위해!」,「집행관님을 위해…」 우인단이 모여서 뭔가 위험한 일을 꾸미고 있는 듯하다. 더 이상 그들을 날뛰게 할 순 없다!,모든 적 처치하기,
32490,5,3301,0,Scene,2,EVENT_32490,수역 정리,해당 수역의 원류바다 이종이 계속해서 토착 어종을 공격하고 있다. 수역을 정리하고 모든 원류바다 이종을 처치하자,모든 원류바다 이종 처치하기,
32491,5,3301,0,Scene,2,EVENT_32491,수역 정리,해당 수역의 원류바다 이종이 계속해서 토착 어종을 공격하고 있다. 수역을 정리하고 모든 원류바다 이종을 처치하자,모든 원류바다 이종 처치하기,
32492,5,3301,0,Scene,2,EVENT_32492,수역 정리,해당 수역의 원류바다 이종이 계속해서 토착 어종을 공격하고 있다. 수역을 정리하고 모든 원류바다 이종을 처치하자,모든 원류바다 이종 처치하기,
32550,5,3302,0,Scene,2,EVENT_32550,위험한 등반,츄츄족이 야외에 감시탑을 설치했다. 감시탑을 완전히 파괴하자,츄츄족 감시탑 파괴,
32551,5,3302,0,Scene,2,EVENT_32551,위험한 등반,츄츄족이 야외에 감시탑을 설치했다. 감시탑을 완전히 파괴하자,츄츄족 감시탑 파괴,
32552,5,3302,0,Scene,2,EVENT_32552,위험한 등반,츄츄족이 야외에 감시탑을 설치했다. 감시탑을 완전히 파괴하자,츄츄족 감시탑 파괴,
32553,5,3302,0,Scene,2,EVENT_32553,위험한 등반,츄츄족이 야외에 감시탑을 설치했다. 감시탑을 완전히 파괴하자,츄츄족 감시탑 파괴,
32600,5,3304,0,Scene,2,EVENT_32600,지상을 나는 물방울,제한 시간 안에 결승점에 도착해야 한다,제한 시간 안에 결승점에 도착하기,
32601,5,3304,0,Scene,2,EVENT_32601,상류를 향해,제한 시간 안에 결승점에 도착해야 한다,제한 시간 안에 결승점에 도착하기,
32610,5,3304,0,Scene,2,EVENT_32610,떠도는 빛의 출현,이상한 떠도는 불빛이 물 밑에 나타났다. 이 빛을 따라가면 의외의 수확이 있을지도…,이상한 떠도는 불빛 따라잡기,
32611,5,3304,0,Scene,2,EVENT_32611,떠도는 빛의 출현,이상한 떠도는 불빛이 물 밑에 나타났다. 이 빛을 따라가면 의외의 수확이 있을지도…,이상한 떠도는 불빛 따라잡기,
32530,5,3302,0,Scene,2,EVENT_32530,빠른 처치,수상한 녀석들이 야외에 나타나 주변 구역의 안전을 위협하고 있다. 어서 처치하자,타임어택 도전 완료하기,
32531,5,3302,0,Scene,2,EVENT_32531,빠른 처치,수상한 녀석들이 야외에 나타나 주변 구역의 안전을 위협하고 있다. 어서 처치하자,타임어택 도전 완료하기,
32540,5,3302,0,Scene,2,EVENT_32540,빠른 처치,수상한 녀석들이 야외에 나타나 주변 구역의 안전을 위협하고 있다. 어서 처치하자,타임어택 도전 완료하기,
32541,5,3302,0,Scene,2,EVENT_32541,빠른 처치,수상한 녀석들이 야외에 나타나 주변 구역의 안전을 위협하고 있다. 어서 처치하자,타임어택 도전 완료하기,
32542,5,3302,0,Scene,2,EVENT_32542,빠른 처치,수상한 녀석들이 야외에 나타나 주변 구역의 안전을 위협하고 있다. 어서 처치하자,타임어택 도전 완료하기,
32543,5,3302,0,Scene,2,EVENT_32543,빠른 처치,수상한 녀석들이 야외에 나타나 주변 구역의 안전을 위협하고 있다. 어서 처치하자,타임어택 도전 완료하기,
32570,5,3303,0,Scene,2,EVENT_32570,식은 물 먹기,제한 시간 안에 모든 뚱뚱 열매를 파괴해야 한다. 「칼날 가오리」의 능력을 흡수하고 「원류바다 물의 칼날」을 발동하면, 뚱뚱 열매를 더 쉽게 파괴할 수 있을지도 모른다…,모든 뚱뚱 열매 파괴하기,
32571,5,3303,0,Scene,2,EVENT_32571,식은 물 먹기,제한 시간 안에 모든 뚱뚱 열매를 파괴해야 한다. 「칼날 가오리」의 능력을 흡수하고 「원류바다 물의 칼날」을 발동하면, 뚱뚱 열매를 더 쉽게 파괴할 수 있을지도 모른다…,모든 뚱뚱 열매 파괴하기,
32572,5,3303,0,Scene,2,EVENT_32572,식은 물 먹기,제한 시간 안에 모든 뚱뚱 열매를 파괴해야 한다. 「칼날 가오리」의 능력을 흡수하고 「원류바다 물의 칼날」을 발동하면, 뚱뚱 열매를 더 쉽게 파괴할 수 있을지도 모른다…,모든 뚱뚱 열매 파괴하기,
32580,5,3303,0,Scene,2,EVENT_32580,그만 하시「게」,「중갑 게」의 능력을 흡수한 뒤 「중갑 보호막」으로 「총알 따개비」가 쏜 「따개비탄」을 반사해서 「총알 따개비」를 제거하자,모든 「총알 따개비」 제거하기,
32581,5,3303,0,Scene,2,EVENT_32581,그만 하시「게」,「중갑 게」의 능력을 흡수한 뒤 「중갑 보호막」으로 「총알 따개비」가 쏜 「따개비탄」을 반사해서 「총알 따개비」를 제거하자,모든 「총알 따개비」 제거하기,
32560,5,3302,0,Scene,2,EVENT_32560,난공불락,모든 적을 처치하고 지맥 제압석을 지키자,지맥 제압석 수호 도전 완료하기,
32561,5,3302,0,Scene,2,EVENT_32561,난공불락,모든 적을 처치하고 지맥 제압석을 지키자,지맥 제압석 수호 도전 완료하기,
32590,5,3303,0,Scene,2,EVENT_32590,「참여형 투어」,「앙투안·로제 비행선」을 가동하고 제한 시간 내에 과녁 8개를 명중하자,비행선을 가동하고 도전 완료하기,
32591,5,3303,0,Scene,2,EVENT_32591,「참여형 투어」,「앙투안·로제 비행선」을 가동하고 제한 시간 내에 과녁 8개를 명중하자,비행선을 가동하고 도전 완료하기,
